-25.173047 -2.852971 74.604678
-23.569877 -3.772557 77.138348
-24.342295 -2.582038 75.416152
-22.694660 -5.039248 77.037815
-22.864606 -4.805701 77.641342
-23.275544 -3.902681 76.643998
-23.344390 -2.838843 75.963157
-22.362377 -2.765575 76.746722
-22.561428 -2.792203 77.157475
-21.641166 -7.501176 79.840989
-21.345726 -7.665170 80.656993
-21.360398 -6.183403 76.592162
-21.364769 -6.066403 79.101773
-21.668651 -6.174643 80.234559
-21.305149 -6.616071 81.036817
-22.133074 -5.547879 76.765021
-21.758013 -5.318233 77.936797
-21.388894 -5.037962 78.969224
-21.728118 -5.096018 80.340518
-21.304665 -3.597439 75.673295
-21.301182 -3.213381 75.782643
-22.296081 -2.676795 76.859583
-21.352943 -3.106755 77.233119
-20.182094 -14.618089 91.108088
-20.181262 -13.865426 89.403924
-20.528594 -12.382398 88.984272
-20.143435 -11.246467 86.625071
-20.494675 -11.511821 87.517839
-20.366225 -12.250141 88.769659
-20.256523 -9.122196 81.998680
-20.113500 -9.550393 82.750225
-20.161431 -9.178880 84.280452
-20.450388 -8.965442 84.943253
-20.114719 -8.418245 80.001172
-20.170426 -8.136564 80.854989
-20.266093 -8.728350 82.153776
-20.958805 -7.880455 83.080228
-20.191027 -7.954941 83.817984
-20.266668 -8.253827 85.078835
-20.157556 -7.444730 78.016356
-20.212845 -7.763528 78.979217
-20.628905 -7.739095 80.219370
-20.965135 -7.472478 81.428408
-20.210321 -7.766109 81.563800
-20.554549 -7.467338 83.030862
-20.577444 -7.810840 84.251184
-20.187036 -7.682451 85.594899
-20.537229 -6.251728 75.650987
-20.327953 -5.967894 77.029048
-20.119300 -6.313737 77.873652
-20.886235 -6.536256 79.039778
-21.065794 -6.695208 79.982596
-21.140255 -6.243370 81.359164
-20.478501 -5.891473 81.991978
-20.439308 -6.197308 82.866633
-20.441391 -5.625367 84.296504
-20.188894 -5.964465 85.262690
-20.155923 -6.118413 86.432412
-20.543354 -4.650410 77.657288
-20.527348 -5.354407 79.078029
-20.438993 -4.612465 79.432133
-20.713499 -4.753668 80.901502
-20.190568 -5.443774 82.584517
-20.134298 -5.368668 82.854818
-20.587022 -5.346473 84.444600
-20.247545 -3.939990 75.067780
-20.339748 -3.621823 76.420633
-20.546278 -4.286595 77.672963
-20.135559 -4.363863 79.216229
-20.264322 -3.418512 79.521358
-20.924707 -3.731824 80.571237
-20.895759 -4.442796 82.523259
-20.186068 -4.064884 83.403263
-20.225501 -4.177064 83.811658
-20.400595 -3.249950 76.624846
-21.037776 -3.089072 77.206949
-20.480530 -3.317639 79.460173
-20.499931 -2.930320 81.240972
-20.349005 -3.245318 81.608186
-20.209300 -2.024853 81.444853
-20.366053 9.144952 77.066005
-19.399717 -15.691276 89.877935
-19.089490 -15.048814 89.332269
-19.760334 -14.674959 89.859460
-19.635329 -14.561048 90.862130
-19.149689 -13.485299 88.630586
-19.408336 -13.480499 90.047609
-19.645399 -14.087715 90.609123
-19.755832 -13.706005 91.974273
-19.643005 -12.328921 87.905886
-20.087344 -12.752319 88.889984
-19.430629 -13.291045 90.165009
-19.043815 -11.831590 84.912351
-19.165200 -11.452185 86.901635
-19.037922 -11.816570 87.599680
-19.465378 -11.938740 88.405188
-19.155447 -12.160290 89.433398
-19.279398 -10.108154 82.132711
-19.018597 -10.968608 82.917408
-19.229015 -10.399366 84.593898
-19.125299 -11.084955 85.417932
-19.759335 -10.179994 86.557958
-19.368579 -10.747251 87.344531
-19.263881 -9.342090 80.298620
-19.165393 -9.640989 81.132628
-19.542785 -9.367207 81.657664
-20.095246 -9.515139 82.964034
-19.584775 -9.949367 83.857021
-19.717128 -9.643300 85.181235
-19.228155 -9.198790 86.711696
-19.339469 -8.260526 78.592669
-19.278400 -8.315027 79.978503
-19.072794 -8.468198 80.620880
-19.994241 -8.835588 82.211406
-20.037037 -8.906802 83.541931
-20.055539 -8.385025 84.957114
-19.996906 -8.625357 86.228969
-19.276641 -8.458092 87.240461
-19.175458 -7.885263 88.934112
-19.144483 -7.659250 76.934011
-19.072125 -7.060828 77.875269
-19.187855 -7.783054 78.497658
-19.104031 -7.583184 80.760525
-20.006458 -7.271022 85.612021
-19.894086 -7.754458 86.765144
-19.626000 -6.918297 87.230803
-19.310896 -6.893498 88.597618
-19.000103 -6.897320 89.629573
-19.685708 -5.682265 75.956113
-19.027440 -6.315934 77.052439
-19.077498 -6.399895 77.195128
-19.514602 -6.113686 78.327128
-19.029536 -6.683649 80.962446
-19.486292 -5.629131 81.947110
-19.075518 -5.611686 85.045322
-19.797634 -6.477421 86.251807
-19.448952 -5.786336 87.780975
-19.062545 -6.603330 88.589126
-19.667756 -5.569487 75.926082
-19.604560 -4.911244 76.505343
-19.188987 -5.520933 77.196804
-19.466619 -4.624006 78.339627
-19.432533 -5.488763 82.024668
-19.021843 -4.663902 82.808928
-19.317145 -4.690594 84.782546
-19.271849 -4.778141 85.744789
-19.570666 -5.525857 86.443391
-19.264396 -5.414915 87.871650
-19.024602 -5.235461 88.326026
-19.188714 -3.942284 75.956298
-19.192214 -4.107894 76.070316
-19.441704 -4.347792 77.749496
-19.344232 -4.381015 78.286429
-19.986681 -4.423905 79.480130
-20.060782 -4.313340 82.523905
-19.134266 -4.428036 83.004328
-19.415395 -4.385366 84.085604
-19.278349 -4.172060 84.920096
-19.003074 -4.284611 86.114894
-19.161531 -4.298939 87.340075
-20.038686 -3.147205 76.379469
-19.124941 -2.860624 78.154985
-19.126352 -2.987623 78.211253
-19.201315 -2.738333 79.705476
-19.625814 -3.068957 80.491022
-19.574495 -2.635748 81.852799
-19.874958 -3.082295 83.116480
-19.091572 -2.983222 84.151438
-19.060998 -3.091942 85.487134
-19.431562 -2.703571 86.363795
-19.649269 -1.703196 80.400152
-19.586997 -2.206922 80.780103
-19.025658 -1.612238 81.557160
-19.324573 -2.193828 83.285104
-19.037202 -1.597925 84.165909
-19.124658 -1.643728 85.948279
-19.808309 -1.563194 86.316752
-19.277837 1.024877 80.552368
-19.281001 -0.536369 82.654996
-19.115466 -0.935230 83.008195
-19.203535 8.299408 76.880469
-17.891650 -17.510153 87.721175
-18.306703 -15.701063 90.464103
-17.981963 -16.005778 90.501385
-18.026649 -15.100331 85.215293
-18.409744 -15.335169 89.228845
-18.967964 -14.963013 90.468990
-18.573786 -14.812735 91.529314
-18.713565 -15.183156 92.084129
-18.263551 -14.059963 84.621296
-17.961502 -13.427531 86.257813
-18.817617 -13.901007 90.393397
-18.390295 -13.760315 91.091928
-18.529795 -13.795840 91.728092
-18.226440 -12.462514 85.409986
-18.040195 -12.737750 86.385361
-17.902404 -12.499719 87.983192
-18.770191 -12.356125 89.079367
-17.907861 -12.478519 89.657239
-18.442649 -12.886947 90.586119
-18.466662 -11.284034 82.456243
-18.286402 -11.805897 83.429196
-18.237008 -12.276217 84.306342
-18.740703 -11.410951 85.132286
-18.512018 -11.434400 86.228826
-17.881457 -11.382795 87.514422
-17.918347 -11.278254 88.715502
-18.032859 -12.251195 89.890387
-18.530130 -10.594999 80.641898
-17.949740 -11.014604 82.189753
-18.826679 -10.957454 83.950925
-18.867591 -10.890058 85.175623
-18.612293 -10.561737 86.960372
-18.118711 -11.019781 87.647422
-18.203552 -10.454017 88.347531
-18.015163 -11.061750 89.400043
-17.941505 -10.749434 91.082847
-18.737131 -9.045809 79.229313
-18.467515 -9.274506 79.778061
-18.043236 -9.700719 80.584264
-18.929339 -9.946453 86.397943
-17.949547 -9.280640 87.576088
-18.695479 -9.701048 88.765684
-18.763698 -8.948321 89.430840
-18.299019 -9.325754 90.853828
-18.060386 -9.409541 91.945805
-18.542965 -8.154746 78.139089
-18.595880 -8.843039 79.000753
-18.205270 -8.841835 79.849574
-18.708619 -8.492069 80.604657
-18.047502 -8.791243 86.316311
-18.487555 -8.749941 88.168576
-18.864397 -8.861722 88.270798
-18.573093 -8.575842 89.745666
-18.381722 -7.935191 90.611167
-18.141750 -6.916325 77.050134
-18.126786 -7.336854 77.723467
-17.919339 -7.031546 80.243499
-18.109269 -6.927375 80.524597
-18.262151 -6.853578 84.643101
-18.252701 -7.382189 85.562186
-18.106220 -6.783444 86.189697
-18.969445 -7.344650 87.937110
-17.897899 -7.593538 88.379036
-18.836937 -7.231114 89.639609
-18.608459 -7.751737 90.665553
-18.215147 -6.348638 76.253197
-18.759367 -6.296553 78.097345
-18.788554 -6.411261 81.033156
-18.780825 -5.637800 81.632150
-18.072778 -5.668172 84.821126
-18.444906 -5.694026 84.954291
-18.125800 -6.537899 86.102138
-17.938016 -6.687881 87.868256
-18.601550 -6.437306 88.601725
-18.860304 -5.214171 76.634649
-18.356075 -5.027064 77.694850
-17.967203 -5.569940 81.218252
-18.831349 -5.529131 81.618269
-18.796126 -4.740986 82.856167
-18.079407 -5.027737 84.064909
-18.902003 -5.398416 85.178859
-18.949574 -5.272702 86.582637
-18.973744 -5.530471 87.707665
-18.608004 -4.186958 76.835103
-18.047906 -3.605558 77.222073
-18.853692 -3.482578 78.510097
-17.938563 -4.298462 83.655717
-18.281397 -4.042642 84.019877
-18.791321 -4.454026 86.045071
-18.903828 -4.105586 87.216087
-18.407244 -3.254196 77.243423
-18.950340 -3.317977 78.307510
-18.807001 -2.321509 79.955182
-17.889504 -3.186125 83.634730
-18.331551 -3.039003 83.941707
-18.808371 -3.291988 85.616638
-18.272631 -2.048823 78.897818
-18.214621 -1.808864 79.336976
-18.494285 -1.504630 80.490025
-18.803506 -1.265748 82.830458
-17.975860 -1.876937 84.105371
-18.962486 -1.788520 85.754924
-18.951772 -1.493622 86.171453
-18.127448 -0.576359 81.186662
-18.887698 -0.621242 82.125951
-18.827758 -0.965186 83.137730
-18.166377 -0.440700 83.805231
-18.432533 -1.046084 85.455897
-18.448001 1.439803 79.993066
-18.192096 7.759170 77.583583
-18.851747 8.552201 77.214487
-18.280374 12.565536 84.499918
-17.280495 -16.865238 85.676548
-17.483328 -16.766192 86.080375
-17.576351 -17.487511 87.796172
-16.801508 -15.700117 85.268480
-16.838892 -16.216496 86.224580
-17.345081 -16.095907 89.975927
-17.843769 -15.773957 90.829694
-17.424083 -15.965742 93.148876
-17.282715 -14.547249 84.844060
-17.673696 -15.340757 85.028108
-17.680016 -14.669759 90.083595
-17.498699 -14.697824 91.478805
-16.786400 -14.809064 92.549807
-17.594551 -15.375825 93.158391
-17.678067 -14.402913 84.364793
-17.167470 -13.423713 85.727001
-17.045837 -14.013907 86.544824
-17.449322 -13.503905 87.279835
-16.962399 -13.744391 88.421646
-17.178828 -13.823975 89.915493
-17.869373 -13.832440 90.549713
-16.922629 -13.909458 91.627382
-17.123547 -12.324262 83.780214
-16.763849 -12.308415 83.875313
-17.498793 -12.560852 85.079152
-17.502256 -12.975621 86.445228
-17.297549 -13.242778 87.364437
-16.893043 -13.071068 88.515216
-16.910231 -12.320999 89.402267
-17.070231 -13.167025 90.523632
-16.770179 -12.634139 92.268513
-17.656319 -11.219466 82.158145
-16.765830 -11.440099 82.988558
-16.835374 -11.490585 84.160631
-16.827871 -11.927487 85.163536
-17.764593 -12.255995 86.876411
-17.828509 -11.727625 87.424430
-17.460145 -11.859174 88.406255
-16.906724 -12.073242 89.390065
-17.232952 -12.165777 91.059336
-17.375316 -11.386502 91.847787
-17.116456 -11.243667 93.487630
-16.947712 -10.950897 80.586779
-16.807292 -10.339076 81.735567
-17.079806 -10.754719 82.920322
-16.911912 -10.381865 83.864350
-17.078105 -10.170992 86.562306
-16.780149 -10.833773 87.169602
-17.222392 -10.717129 88.940285
-17.286231 -10.713679 89.422980
-16.847465 -11.143408 90.520616
-17.589121 -10.857762 92.362473
-17.395963 -10.260433 92.904111
-16.920113 -9.396258 78.389452
-16.777693 -9.354903 79.995376
-16.781893 -9.854920 80.696838
-17.225740 -10.019975 83.235223
-16.761637 -10.023862 83.876086
-16.775830 -9.969873 85.115695
-16.947465 -9.086587 86.110329
-17.533500 -9.232653 87.522980
-16.898697 -9.916635 89.184316
-16.963472 -9.416588 89.437131
-17.465031 -9.083907 90.519351
-17.679416 -9.948901 91.743340
-17.620289 -9.958569 93.141768
-16.769370 -8.060441 76.237664
-16.771773 -7.896022 77.902997
-16.771905 -8.855001 79.284023
-17.522474 -8.843345 79.829867
-16.775352 -8.166326 85.603544
-17.532553 -8.581448 86.377432
-17.306746 -8.294188 87.533790
-17.148788 -8.771867 88.621437
-17.855264 -8.470362 89.572441
-17.831297 -8.581845 91.403372
-17.422343 -7.325251 76.990142
-17.524822 -7.570459 77.528463
-17.289525 -7.024338 80.339093
-16.763156 -7.292663 80.497354
-16.780905 -7.401191 84.885407
-17.307045 -7.753647 85.681172
-17.208055 -7.684371 86.039161
-17.057745 -7.817200 88.019494
-17.615022 -7.567454 88.411817
-17.116300 -5.913986 75.692476
-16.850355 -6.583734 76.905537
-16.978459 -6.698594 77.416855
-17.016268 -6.159181 80.938252
-16.801256 -6.288053 83.407653
-17.677683 -5.991416 84.295471
-17.766678 -6.696014 84.936166
-16.915561 -5.409572 76.414724
-16.759428 -5.545638 77.230742
-17.010927 -5.165542 81.379708
-17.173941 -5.347745 81.613215
-17.225778 -4.607167 83.091711
-16.790717 -4.059375 76.750575
-17.205174 -4.266707 77.271661
-16.811304 -4.081013 82.253186
-17.461208 -4.400177 83.148196
-17.712685 -4.321411 83.812573
-16.780524 -3.299520 77.635738
-17.428946 -2.435398 78.291878
-16.831112 -3.340527 82.090792
-17.687637 -3.283692 83.774774
-17.727273 -3.191656 83.824986
-17.712906 -2.213873 78.492647
-17.826050 -1.565704 79.887387
-17.833983 -2.047765 83.236398
-17.847527 -1.840267 83.953575
-17.858702 -1.465268 85.326750
-17.208716 1.020140 79.207060
-16.984825 -0.559731 79.548311
-17.416812 -0.511305 80.530746
-17.853474 0.179366 82.064419
-17.718892 -0.443273 82.893406
-17.474072 0.160619 84.170976
-17.516428 -0.204527 84.994953
-16.854506 1.465404 79.363125
-17.058804 1.329544 81.536302
-17.630351 1.270883 82.766128
-16.789357 1.311157 83.820856
-16.996310 1.178154 84.986066
-17.374391 1.496458 86.404064
-17.802239 2.297624 79.818904
-16.909645 3.305170 85.475674
-17.062354 3.050060 86.030532
-17.003592 3.735543 79.813855
-16.875848 3.933230 81.270089
-16.964514 4.341239 81.639374
-17.057172 4.439301 82.788185
-16.989501 4.519043 81.873388
-17.096606 4.517323 83.315071
-16.847606 7.013630 77.794097
-17.027089 7.133123 78.214896
-17.057355 11.926052 83.695713
-16.093487 -17.969162 85.703339
-16.234914 -18.196850 86.129201
-16.420019 -18.006544 87.278514
-16.605911 -17.084285 85.118817
-15.725508 -16.761297 86.805182
-16.419780 -17.119699 87.742200
-16.680779 -15.781130 85.167566
-16.297104 -15.792043 86.472723
-15.659503 -15.869877 87.310533
-15.661148 -16.346792 92.090452
-16.226119 -15.830764 92.929128
-16.623768 -14.745163 84.673171
-16.748283 -14.565611 85.799400
-16.642966 -14.621547 86.111752
-16.553101 -14.523898 87.619825
-16.262707 -14.624118 88.662707
-15.773024 -15.416606 89.390556
-16.136151 -15.140533 91.426431
-15.935486 -14.542433 92.113047
-16.426578 -15.474300 92.880029
-16.375325 -14.390199 85.977625
-16.197869 -13.784916 86.226033
-15.850469 -13.524081 87.998048
-16.155768 -13.473551 88.286117
-16.071697 -13.758201 89.602395
-15.908826 -14.522269 90.496672
-15.726157 -14.052436 92.254922
-16.654611 -12.515820 84.757863
-15.853442 -12.621342 85.986696
-15.887490 -12.490297 86.027353
-16.412855 -12.326311 87.754190
-15.842275 -12.433887 88.673706
-16.082188 -13.228244 89.541643
-15.887039 -13.387500 91.131568
-16.641573 -13.017733 91.790485
-15.778730 -13.190199 92.848143
-16.123785 -12.509696 93.859753
-16.292219 -11.866146 78.530408
-15.926570 -11.285965 79.670630
-16.250405 -11.620991 81.101365
-16.625161 -11.275944 82.894770
-16.727898 -11.465422 83.839344
-16.360722 -11.712777 85.055119
-16.598569 -11.509984 86.539570
-16.479195 -11.243178 88.165709
-16.523906 -11.327315 88.428537
-15.669799 -11.339996 90.793652
-16.299318 -12.069052 92.455784
-16.657368 -11.641922 93.094167
-15.816739 -11.824844 94.309573
-15.754522 -10.431168 78.189251
-16.406106 -10.918463 79.126471
-16.651355 -10.663209 80.406614
-16.550539 -11.031563 80.912806
-16.615329 -11.096898 81.907760
-16.746021 -10.224157 82.700904
-16.190169 -10.904379 84.412846
-16.226377 -10.612308 85.968201
-16.436340 -10.152861 86.390044
-16.660479 -10.938570 87.258411
-16.325831 -10.333419 88.455772
-15.650606 -10.808369 89.452671
-16.588602 -10.075563 90.518698
-16.409907 -10.887646 91.748069
-16.193256 -11.056478 92.957324
-16.685037 -10.560852 93.923106
-16.189773 -8.951391 76.927429
-16.237210 -9.125630 78.083808
-16.100353 -9.647535 78.750911
-16.114108 -9.990497 79.685911
-16.464300 -9.798782 80.813557
-16.400707 -9.730627 81.860725
-16.578930 -9.678572 82.983927
-16.418710 -9.496061 84.130571
-16.750764 -9.927800 85.125482
-16.729826 -9.341709 88.016650
-16.294123 -9.873013 88.924277
-16.639907 -9.236390 89.661568
-16.534550 -10.032892 90.575885
-15.745136 -8.039145 76.949485
-16.142621 -8.858385 77.575215
-16.437404 -8.511760 78.739002
-16.559015 -8.918668 79.602014
-16.566795 -8.624335 80.650565
-16.427868 -8.608969 81.881888
-16.442481 -8.408615 83.119992
-16.322638 -8.205302 84.381165
-16.617631 -8.162259 85.638424
-16.717721 -7.967748 86.130545
-16.578978 -8.527197 88.559549
-16.011379 -7.016414 77.078293
-16.262594 -7.366337 78.115990
-16.063011 -7.622630 79.176840
-16.632213 -7.483046 80.370909
-16.312537 -7.722352 81.059346
-16.518821 -7.262844 81.715047
-16.355271 -7.086510 82.712125
-16.139990 -6.861767 84.015408
-16.305477 -7.515520 85.008832
-16.667261 -6.630243 76.569233
-16.342303 -5.922744 77.457806
-15.772092 -6.481892 78.773635
-16.134845 -6.138381 79.874696
-16.625007 -6.310351 80.999644
-16.406719 -6.272526 82.069564
-16.537843 -6.449122 83.286081
-16.425061 -6.670398 84.317893
-16.598166 -5.085377 76.136994
-16.322828 -5.217411 78.004087
-15.885747 -5.119092 79.158489
-15.918986 -5.382545 80.244056
-15.988568 -5.563371 80.655767
-16.237356 -5.084494 81.727462
-16.607731 -5.517685 83.037968
-15.950589 -5.535269 83.981290
-16.438298 -4.298572 76.602474
-16.126561 -4.283765 78.018311
-15.836224 -4.103215 80.702792
-16.747121 -4.107187 82.124794
-15.748525 -4.316898 82.836737
-16.009902 -4.422394 84.284558
-16.756453 -2.756948 78.014834
-16.177580 -3.264004 78.209757
-15.689719 -3.175887 81.354834
-16.429933 -3.296655 82.178778
-15.712715 -3.132389 82.868252
-16.425068 -1.783359 78.457860
-15.945998 -2.108112 83.159177
-16.448794 -0.752592 79.154823
-16.320772 -0.903434 79.466954
-16.752945 1.107149 81.549762
-16.531707 -0.363702 83.324744
-16.427429 0.223051 84.483110
-16.018384 1.104437 85.638498
-16.469116 1.184846 79.838006
-16.598810 1.597025 81.033073
-16.564502 2.194896 82.601808
-16.721703 1.686382 83.142941
-16.534000 1.202096 84.050168
-16.193231 1.831263 85.078870
-16.443743 2.273934 79.755481
-15.812683 2.345427 81.167462
-16.149343 2.275769 81.914758
-15.929576 2.627273 83.293562
-15.920266 2.550794 83.995117
-16.566667 2.312673 85.246638
-16.574796 2.518436 86.089507
-16.737547 3.713346 79.857429
-16.266849 3.998637 80.764262
-15.738917 4.013340 81.784137
-15.911046 3.782987 83.570624
-16.438924 3.856541 84.245766
-15.935271 3.378901 85.038557
-16.525954 4.058715 86.161168
-15.672328 4.375656 87.550691
-16.411238 4.552991 85.665877
-15.718390 5.288854 86.337112
-15.982215 4.768322 87.219769
-15.843154 6.522968 78.788017
-16.283541 8.708224 84.434025
-16.341530 8.243375 85.478734
-16.535132 9.921841 84.179337
-16.026386 11.155176 84.179130
-16.070793 11.331216 84.197542
-15.384567 -17.949972 86.818048
-15.191035 -18.317180 87.152110
-14.524409 -18.042561 88.394533
-14.575399 -18.484961 90.558429
-15.201386 -17.760906 86.907986
-15.622800 -17.527688 87.767217
-14.829385 -17.843100 88.365208
-14.840683 -16.950272 89.495922
-14.933314 -16.797613 91.082728
-15.389081 -16.558838 86.584388
-15.570705 -16.075755 87.299975
-14.932176 -16.181072 88.514419
-14.837065 -16.749152 89.471349
-14.707046 -16.606514 91.245497
-14.586284 -16.071283 91.690252
-14.524195 -16.108437 92.861779
-15.365996 -16.385072 93.969206
-15.376226 -14.788620 88.218610
-15.224377 -14.912494 89.280021
-15.507163 -15.285940 89.491434
-15.145545 -14.823092 90.945124
-15.374641 -14.566161 91.650613
-14.910718 -14.875839 92.743034
-15.621064 -13.422907 87.934551
-14.907722 -14.146414 89.365790
-15.066854 -13.611069 90.247557
-15.506894 -13.751786 91.223165
-15.271067 -14.203517 92.110181
-14.613134 -13.945631 92.777594
-15.358095 -13.462529 94.355331
-14.715977 -13.668198 95.399812
-15.106878 -12.583607 77.561805
-15.125315 -12.745385 78.673886
-15.559251 -12.313053 79.829016
-15.545070 -12.654186 88.467033
-15.423234 -12.289690 89.952927
-14.535741 -12.458200 91.202032
-15.251398 -13.043313 92.312772
-15.621097 -13.006589 92.826853
-15.356721 -13.231843 94.580056
-15.402095 -12.632738 95.040426
-14.619010 -12.644801 96.096311
-15.273235 -11.348863 78.074214
-15.145752 -11.769907 78.367387
-15.636114 -11.969572 79.793441
-15.532082 -11.425833 89.073710
-14.942034 -11.476218 90.219192
-15.367050 -11.329108 90.633779
-15.040406 -11.975005 91.614005
-14.802676 -11.969774 93.402743
-15.004431 -12.262508 94.663644
-15.143973 -12.155157 94.984111
-14.648406 -10.646299 77.871580
-15.594571 -10.560520 78.366445
-14.549860 -9.450755 76.793785
-15.325717 -9.399942 77.661467
-15.495476 -7.858089 76.599058
-15.591209 -8.050657 77.375568
-15.554452 -7.430858 77.054815
-15.218452 -7.260995 77.227870
-15.317098 -6.354668 77.065674
-15.142875 -6.335970 77.227951
-14.695987 -5.256667 77.421109
-15.617037 -5.502762 78.267752
-15.472144 -4.603423 79.430735
-15.467706 -5.058099 80.505248
-15.474149 -4.946742 83.634457
-15.425682 -4.950804 83.957987
-14.674903 -4.370250 77.591808
-15.391219 -3.860274 78.714641
-15.636521 -4.382876 79.416319
-15.479858 -4.406887 80.877172
-15.603564 -4.403852 81.869377
-15.639320 -4.234955 83.041332
-15.035351 -2.566166 78.044901
-14.554042 -3.308067 78.277822
-14.635387 -2.579047 79.621370
-15.086508 -3.001262 80.461331
-15.312275 -3.030529 81.731712
-15.583445 -3.010867 83.221047
-14.831648 -2.179050 78.609160
-14.608998 -1.768476 79.531298
-14.814853 -2.113368 80.731240
-14.847419 -2.198263 81.671129
-15.625223 -1.944592 82.854265
-15.163664 -1.056231 79.308493
-15.570401 -1.081052 79.507082
-14.760207 0.246026 80.549364
-15.238243 -0.195335 83.489315
-15.384533 0.572728 84.557805
-15.478323 1.281987 80.162698
-15.458162 1.121260 80.583679
-15.499174 1.475462 84.567008
-15.540164 1.938448 85.980502
-15.288529 3.030872 81.508929
-15.440071 3.098726 81.691733
-15.383028 3.318529 84.439716
-15.224866 3.098679 85.890610
-15.152591 2.840816 86.416332
-15.317214 3.465780 81.778406
-14.925846 3.386502 83.485330
-15.519877 3.841582 84.755163
-15.592950 4.252253 85.629669
-15.635848 3.361795 86.392544
-15.154750 4.153147 87.163426
-14.912735 5.495731 79.584756
-15.046438 4.507610 84.792853
-15.135873 5.251982 85.563592
-15.527203 5.055887 86.458653
-14.881269 5.242760 87.552666
-14.955805 5.588148 79.253095
-14.898618 5.655554 84.547651
-15.476482 5.838878 85.266753
-15.089345 5.977831 86.475048
-15.152629 5.877214 87.285453
-14.566645 7.409296 84.400426
-14.760969 7.173235 85.475559
-14.631619 6.915534 86.781287
-14.528213 6.888834 87.470467
-14.761779 8.311887 83.588677
-15.179486 7.979628 84.801596
-15.070965 7.857312 85.240964
-14.723806 10.458167 83.633906
-14.951111 10.545612 83.945368
-15.294320 10.317051 85.148282
-14.437270 -18.850114 88.784219
-14.219697 -18.020629 89.409847
-14.481186 -16.871593 89.126220
-14.049977 -17.865940 89.478375
-14.072312 -16.870465 90.644588
-14.032020 -17.043512 91.937334
-14.435937 -16.846552 93.217300
-13.529955 -17.110636 94.477587
-14.149968 -15.865098 89.582821
-14.250865 -16.483579 90.685429
-13.491453 -16.738252 91.766193
-14.397444 -16.580790 92.888386
-13.826380 -16.114519 94.046585
-13.873321 -15.271070 89.357564
-14.109320 -15.225307 89.596991
-13.588608 -15.270724 90.815571
-14.484914 -15.535924 91.869426
-13.548901 -14.696290 93.660093
-14.449451 -14.999077 93.903670
-13.584258 -14.653594 95.209931
-14.295284 -14.097920 90.828472
-13.756748 -14.350639 92.051474
-14.483794 -14.015764 92.932936
-14.249968 -13.736014 94.915875
-14.418906 -13.949638 95.349605
-13.819670 -13.516812 96.344586
-14.114341 -12.898780 76.935430
-14.450378 -12.425665 91.135243
-13.997394 -13.087943 91.858930
-14.235584 -12.582085 92.780898
-14.379508 -12.493793 94.290427
-14.357646 -12.897067 95.738086
-13.673001 -13.044892 96.660959
-14.427621 -11.719883 77.027589
-14.234218 -11.887343 77.536780
-14.420678 -12.149394 91.108097
-14.197133 -12.163382 92.565801
-14.477616 -12.166674 93.048369
-14.483022 -12.097924 94.540476
-14.243194 -12.268030 95.402947
-14.457657 -12.093997 96.245875
-14.398206 -10.818830 77.701753
-13.931546 -9.426021 75.966291
-13.554837 -9.959945 77.047134
-13.418002 -10.017573 77.192961
-14.289669 -8.893564 76.675257
-13.791518 -7.817388 76.478637
-14.269197 -6.521956 76.522456
-13.488798 -5.416102 75.967081
-14.184423 -5.375431 76.525624
-13.965612 -4.590226 77.257001
-13.662986 -3.784134 77.483447
-14.312518 -2.901197 77.065400
-14.061528 -3.033245 77.198603
-14.451763 -3.324348 78.361011
-14.437325 -2.167669 78.594004
-14.504377 -1.961261 79.745463
-13.988631 -1.173526 81.149340
-14.435708 -1.425006 82.343898
-13.424443 1.115133 79.294162
-13.682015 -1.047373 79.506719
-13.927357 -0.840667 80.551065
-13.753613 -0.470596 81.666182
-14.282366 -0.405752 82.982306
-13.477775 1.359932 79.222327
-13.489140 1.154195 79.443834
-14.082243 1.313371 81.129730
-13.719438 1.308159 81.935144
-13.437174 1.222195 83.164021
-14.213926 1.255114 83.891236
-13.690048 2.421990 81.358967
-14.295810 2.591777 81.840625
-13.712436 3.302637 82.677879
-13.789159 2.547651 84.445381
-14.334043 2.583307 85.281261
-13.711547 3.094740 86.090895
-14.043094 4.452409 80.211723
-14.214593 4.309644 80.593834
-14.023017 3.477193 82.618623
-13.953133 3.991416 83.453180
-14.443604 4.149301 84.091323
-13.824229 3.385666 85.732603
-14.427961 3.417405 86.690447
-14.088171 4.567619 80.068570
-13.771354 4.856228 80.606655
-13.535209 4.883585 84.580497
-14.517312 5.003756 85.123074
-13.840011 4.528082 86.946457
-14.522476 4.875155 87.454155
-13.447458 6.491319 84.268098
-14.222198 5.705609 85.377331
-13.844387 6.552973 86.099327
-14.414054 6.495690 87.422910
-14.333810 6.497792 88.297333
-13.489077 7.316773 83.741693
-13.575254 7.087354 84.142464
-14.481567 6.928151 85.207331
-14.419234 6.741650 86.637535
-14.411967 6.843373 87.531122
-14.116419 7.095806 88.284470
-14.380469 8.134543 83.345531
-14.196574 8.045518 85.629847
-14.303066 7.917602 86.689972
-13.824661 8.492811 88.161169
-13.644275 9.046983 83.069282
-14.233748 9.365892 84.528697
-14.108812 9.422936 84.908711
-13.665480 9.249337 86.464898
-13.946500 10.143482 83.767461
-13.854007 10.244677 84.031051
-12.484142 -18.258886 90.199369
-13.044563 -18.187993 90.849522
-13.017133 -18.165198 91.706100
-12.658296 -18.242766 92.977807
-12.476419 -18.204820 94.135666
-12.699273 -17.961673 95.368727
-12.827637 -17.403441 89.815106
-12.677456 -16.828883 90.620137
-12.710953 -17.775332 91.718589
-13.328912 -17.021942 93.012855
-13.021667 -17.225013 94.078726
-12.831749 -17.756729 95.450584
-13.383132 -16.460536 90.031277
-13.182229 -15.722640 90.557258
-13.302873 -15.987532 94.026207
-13.128848 -15.989868 94.970405
-12.669036 -16.192248 96.429539
-12.921014 -15.620467 90.098770
-13.262338 -15.157817 90.642011
-12.943432 -15.074588 92.581636
-13.115433 -14.771291 93.203246
-12.594591 -14.670892 94.143056
-13.122356 -15.431450 95.992456
-13.257982 -14.613929 96.713114
-12.655371 -15.520148 97.297020
-12.689921 -13.454168 76.444809
-13.346734 -14.183389 93.499005
-12.970996 -13.455941 94.299161
-12.881984 -13.426988 95.602719
-13.213965 -14.410479 96.614398
-12.891121 -13.580500 97.235761
-12.296472 -12.622689 76.365994
-13.384323 -12.841959 93.443697
-13.315516 -12.342798 94.797353
-13.351081 -12.503145 95.189196
-13.347961 -12.989586 96.408818
-12.602861 -13.328715 97.514833
-13.127014 -12.107414 76.662870
-13.341299 -11.279444 77.549592
-12.332788 -10.114403 75.742204
-12.548413 -10.125282 76.628968
-12.938799 -10.945773 77.521843
-13.026476 -9.449985 75.293529
-13.271921 -8.964153 76.847689
-12.724555 -8.260988 75.940446
-12.698260 -8.918579 75.993819
-12.999761 -6.931300 75.936101
-12.737809 -6.986311 76.359406
-12.679113 -6.026479 75.856375
-12.479211 -6.155659 76.164513
-13.009700 -4.904390 76.841907
-12.855009 -4.036504 76.671182
-12.873643 -4.097847 77.112594
-12.882895 -2.951850 76.977048
-13.065206 -2.726381 77.279052
-13.298559 -1.857623 78.170253
-12.995465 -1.933996 78.282368
-13.355910 -1.306002 79.585312
-12.719097 0.239859 79.301194
-13.252451 -0.927971 79.603093
-13.174738 0.543351 81.246612
-13.118735 0.262286 82.114501
-12.802151 1.242027 79.966596
-13.363439 1.273301 80.496884
-12.563732 1.226568 81.679346
-13.370977 1.316317 83.134126
-12.569487 2.245951 80.276699
-12.464960 3.010889 81.390099
-12.405736 2.630125 81.558420
-12.517733 2.772453 82.928453
-13.020777 2.999021 85.069978
-13.082413 4.336409 79.318105
-13.033470 3.382763 81.320737
-13.230162 3.398445 81.877771
-13.386919 3.911016 83.174314
-12.316514 3.452824 85.382546
-12.819186 3.678417 86.264907
-12.415563 5.059232 75.760523
-12.534636 5.472972 76.024211
-13.384714 4.613531 78.133864
-12.758434 4.536361 79.202606
-13.305918 4.634737 79.592778
-12.526390 4.601909 82.509044
-12.704627 4.713799 83.466454
-13.108348 5.032883 84.078936
-12.931639 4.525270 85.106418
-12.852451 4.994086 87.044755
-13.298626 5.582102 87.881530
-13.404011 6.666874 83.321578
-13.344524 6.381535 84.139730
-12.840644 5.688711 85.926074
-13.097966 5.890101 86.367645
-12.846873 6.586940 87.970577
-12.666922 6.312848 88.371811
-13.050716 7.142878 83.279746
-12.939533 7.049875 84.870382
-12.913541 6.818724 85.081480
-12.511951 7.115155 86.109419
-13.106067 7.102173 88.023411
-12.987681 6.838616 88.329378
-12.394582 8.532920 83.776060
-12.345355 7.979412 84.726975
-12.387498 8.053954 85.090934
-13.244185 8.563663 86.027317
-12.651892 7.939312 88.184810
-12.984957 9.189958 82.831440
-12.771707 9.242433 84.537218
-12.298668 9.207128 84.988159
-12.980568 9.492839 86.698412
-13.089649 9.194258 88.160967
-12.771819 10.192113 85.355699
-12.386507 10.169316 86.877193
-11.519477 -19.018941 92.122573
-11.304204 -19.063900 92.824029
-12.127277 -19.203250 94.601290
-11.210611 -19.405042 95.085998
-11.488111 -18.165475 91.396131
-11.711326 -18.056304 91.669818
-11.725776 -18.860885 93.093618
-12.236308 -18.474339 93.951823
-11.750976 -17.900710 95.944083
-11.868783 -17.968285 96.212193
-11.625655 -16.933121 90.961722
-11.882845 -16.783187 91.628571
-12.017857 -17.662101 94.635412
-12.258325 -16.919983 95.808309
-11.958098 -17.162014 96.867596
-11.272464 -17.549292 97.692682
-12.142113 -16.294806 90.463657
-12.131616 -15.774327 91.262399
-11.912329 -15.731325 92.442914
-12.243659 -15.746528 97.012629
-11.422611 -16.049864 97.723026
-12.261069 -15.220653 91.582660
-11.853863 -15.172634 92.690578
-12.086532 -14.836201 93.486751
-11.682008 -14.636916 94.393802
-12.134646 -14.572855 96.017577
-11.561195 -14.782070 97.191135
-12.260332 -14.574000 97.615754
-11.539319 -13.947962 75.943572
-11.426188 -13.834537 76.094361
-11.507291 -14.502149 93.723078
-12.074525 -14.200915 94.854693
-12.150777 -14.149319 95.029320
-11.979551 -13.459154 96.515892
-12.172640 -14.419771 97.680846
-11.938763 -12.404376 76.501603
-12.143850 -13.027712 95.695153
-12.246517 -12.797582 96.926985
-11.755199 -13.070230 98.282868
-12.161771 -11.796341 76.848010
-12.067643 -11.721270 77.264451
-11.732658 -10.437802 75.962821
-12.254956 -10.356887 76.919096
-12.197480 -10.024036 75.488743
-11.637574 -9.312247 76.019929
-11.366902 -8.618707 76.350273
-12.063301 -7.450659 75.925974
-12.192315 -7.476774 76.137060
-12.231600 -6.065471 75.808576
-11.774621 -6.479509 76.110257
-11.928139 -5.351512 75.678805
-12.102194 -5.264682 76.082683
-11.782796 -4.366377 75.958876
-11.900032 -4.340068 76.574832
-11.603402 -2.411354 77.375810
-11.896695 -2.042381 77.152123
-11.936043 -1.470211 78.386867
-12.222198 -0.630915 79.309565
-12.124663 -0.827974 79.843642
-11.562201 1.018033 80.505786
-11.708107 1.211055 80.313363
-12.194531 1.359519 80.955102
-11.641005 1.613391 82.072308
-11.953082 2.295090 81.117830
-12.173877 2.310814 82.055490
-12.114489 3.011488 82.703132
-11.906812 2.418715 84.067433
-12.132927 3.169220 85.489152
-11.273140 4.293771 76.398519
-11.172250 4.005835 77.909190
-11.550840 3.794563 80.961499
-11.816666 3.370871 81.993846
-12.267128 3.600163 83.210305
-12.177221 4.376762 83.920798
-12.134429 3.525951 85.345230
-11.379194 4.162565 86.065457
-11.623748 4.638226 76.997755
-11.768518 4.756550 77.249054
-12.255708 4.595407 82.636731
-11.175414 4.612025 82.784676
-12.184758 4.628497 83.873599
-12.134526 5.079754 85.549494
-12.063984 4.681911 86.682529
-12.187444 5.604519 83.214830
-12.244379 6.065427 84.723626
-11.258120 6.071703 85.847309
-11.834284 5.786389 87.460646
-11.934439 7.284857 83.754965
-11.973884 6.862894 84.179959
-11.490978 6.801685 85.105284
-12.260826 6.854817 86.186888
-11.832717 7.093287 88.064206
-11.854784 7.076905 88.303605
-11.897716 8.308695 83.570655
-12.013174 8.183735 84.370417
-11.762971 7.912140 85.725929
-11.190536 7.948135 88.080880
-11.227629 7.981255 88.271202
-12.190819 9.228116 84.716071
-12.205988 9.224425 85.184519
-12.082912 10.042210 87.096738
-11.813048 9.494308 87.938793
-11.590059 9.359098 88.308018
-11.233382 10.305150 84.441049
-11.949329 10.277196 85.400252
-12.054818 10.311006 86.912567
-11.912665 10.077507 87.641769
-11.507555 10.631096 88.402881
-11.323940 12.060083 85.912546
-10.071624 -20.214821 93.098480
-11.061296 -19.149042 92.258818
-11.141482 -19.705668 93.770122
-10.651054 -19.978743 94.951998
-11.128253 -19.414319 95.510970
-10.439860 -19.440929 96.195661
-10.286088 -19.090799 97.794285
-10.259946 -18.065423 91.391101
-11.025143 -18.081059 91.625202
-11.095712 -18.957142 95.552556
-11.111843 -18.396300 96.291716
-10.135225 -18.921055 97.402251
-10.412124 -17.434466 91.460456
-11.116730 -17.009360 92.346509
-10.857071 -17.376971 93.054087
-10.704093 -16.942172 97.996409
-10.219404 -17.418457 98.494877
-10.896399 -16.081118 92.567143
-11.070615 -16.165063 92.839134
-10.871909 -16.503715 98.213154
-10.568911 -15.768078 98.649613
-10.201935 -14.692483 76.030007
-10.916519 -15.337777 93.469856
-10.735297 -14.692207 94.731349
-10.839664 -14.640421 95.102274
-10.977205 -15.142385 96.160940
-10.640077 -14.857077 97.370443
-10.390971 -15.221541 98.323653
-11.045491 -14.159707 76.046261
-11.164944 -14.356529 93.721639
-11.067896 -14.409322 94.567265
-10.481748 -14.358383 94.988189
-10.778855 -14.035940 98.155892
-11.062567 -14.304593 98.368930
-10.756985 -13.488423 99.715131
-10.353831 -13.369189 76.604288
-10.116151 -12.381189 77.156162
-10.421799 -13.069378 97.956118
-10.761666 -13.286131 98.380148
-10.505087 -13.178367 99.637389
-11.138186 -12.220977 76.990871
-10.551797 -11.307243 77.393099
-11.139482 -10.196842 75.084130
-10.732195 -10.897388 76.251130
-10.900750 -9.680101 75.894416
-10.552750 -9.124850 76.245333
-11.026924 -8.693222 75.333891
-11.068037 -7.852926 76.501239
-10.743200 -6.992023 75.958230
-11.022610 -7.770697 76.187948
-10.144017 -6.411356 75.956550
-10.509241 -6.293769 76.532864
-10.943586 -4.661377 76.029110
-10.079008 -3.525828 75.359097
-11.113002 -3.688538 76.323897
-10.763343 -3.224902 73.734511
-10.773941 -3.106681 73.898902
-10.289542 -3.287349 75.618306
-11.163342 -2.906136 76.813401
-10.990011 -2.950914 77.319943
-10.535013 -1.882878 76.996756
-11.083938 -1.636032 77.828772
-10.768718 -0.733732 78.013260
-10.915768 -0.909345 78.309014
-10.090407 0.501055 79.403520
-10.511951 1.679821 78.172395
-10.444505 1.914624 78.241666
-10.242479 1.660941 79.564091
-10.607027 1.528421 80.494755
-10.997767 2.205348 82.225201
-10.710287 2.612218 77.744164
-10.473734 2.323488 79.094785
-10.374770 2.503805 79.431124
-10.103057 2.444984 80.602699
-10.819396 2.243067 81.587219
-10.933621 2.832875 82.932988
-11.134710 3.146145 84.428118
-10.714097 3.820132 77.334467
-10.638878 3.450871 78.506518
-10.554446 3.927179 81.367782
-10.495124 3.678174 81.768933
-11.063653 3.503383 82.704065
-11.171773 3.780834 83.802695
-11.148092 3.936754 85.671736
-11.067573 4.766725 76.548056
-10.896671 4.793309 82.605969
-10.290802 4.810657 83.165608
-10.996760 4.698499 84.813696
-10.307848 4.761323 85.663877
-10.492773 4.536950 86.031260
-10.808323 6.575486 82.187150
-11.136919 6.475707 82.861939
-10.976065 6.148888 84.446027
-11.103484 6.149849 85.987315
-11.034935 6.163364 86.031091
-10.387386 6.059284 87.370271
-10.986573 6.860054 83.023559
-10.713938 7.054296 84.503025
-10.780102 6.829591 85.128123
-10.563107 7.407538 88.237880
-10.312388 7.213692 88.291124
-10.556503 8.196568 84.456805
-10.563737 8.148062 85.063335
-10.929895 8.754324 88.207049
-10.151524 8.299196 88.468715
-10.531261 9.245505 84.586323
-10.897649 8.965037 88.224642
-10.990665 11.149017 84.602759
-10.745779 11.086593 85.504272
-10.903755 10.094245 88.007029
-10.844330 10.087311 88.536802
-10.517656 12.062291 84.567914
-11.084201 11.207554 85.437798
-10.757644 11.276386 86.442146
-10.420952 11.185032 87.495608
-10.956958 11.387481 88.288113
-10.345540 12.484094 87.834713
-9.719555 -20.204580 92.458160
-9.442648 -20.151766 94.388457
-9.523569 -20.141363 95.724863
-9.496265 -20.695482 96.605033
-10.032880 -20.174043 97.609158
-9.373625 -19.068131 90.874776
-9.836173 -19.088517 92.052784
-8.990278 -19.658843 92.803070
-10.052507 -19.471333 94.433321
-9.470042 -19.690128 95.742609
-9.958291 -19.586609 96.908380
-9.410245 -19.024840 97.770907
-9.247948 -18.668009 90.470969
-9.974033 -18.381322 91.503428
-9.278256 -17.930904 92.512525
-9.374676 -18.975841 95.934870
-9.817513 -18.709409 96.815897
-10.035335 -18.018091 97.336018
-9.461056 -18.313920 98.684418
-10.015709 -16.789662 92.523008
-9.937508 -17.046262 92.742618
-10.028382 -17.387279 98.245792
-9.849440 -17.188088 98.847418
-9.143318 -16.428553 93.337998
-9.855838 -15.822551 94.249466
-8.963361 -15.919673 95.223662
-9.792707 -15.643051 96.193333
-9.348060 -15.660595 97.471512
-9.886969 -15.743200 98.351659
-8.962553 -14.759428 76.053784
-10.051852 -15.452014 93.518704
-9.459954 -15.087612 94.702135
-9.324070 -15.410202 95.625632
-9.645290 -14.986948 96.477858
-9.641945 -15.278051 97.198082
-10.025521 -15.140050 98.508964
-9.142165 -14.764144 99.474493
-10.003754 -14.523111 75.858707
-9.662746 -13.753227 76.532929
-9.085652 -14.377641 94.880694
-9.418428 -14.262775 95.153474
-9.831849 -14.420782 98.222341
-9.911476 -13.873037 98.803162
-8.963355 -13.838586 99.818093
-10.054752 -12.589141 76.793964
-9.077375 -12.968357 77.239831
-9.684669 -13.102193 99.269211
-9.377725 -13.116615 100.167881
-9.608595 -11.233147 75.958031
-9.717179 -11.522442 76.039047
-9.656725 -11.682507 77.230019
-9.807824 -10.705819 76.562963
-9.244594 -10.898176 77.510469
-9.773047 -9.992733 75.534897
-9.754808 -9.430057 76.183809
-9.095219 -8.698922 76.308314
-10.029939 -7.455677 76.678215
-9.565604 -6.627444 76.613895
-9.984984 -5.359174 76.419906
-9.810703 -3.660872 74.790449
-9.704225 -3.651714 74.949148
-9.933311 -4.411015 76.452322
-9.720522 -3.035941 73.273763
-9.704699 -3.325778 74.775824
-8.985643 -2.896127 75.801813
-9.932215 -2.598065 77.071274
-9.898403 -2.532828 77.289253
-9.667434 -1.297762 76.968945
-9.821626 -2.221850 77.222744
-9.741324 -1.046352 76.802914
-9.273891 -0.789190 77.206281
-9.076536 0.101652 78.542706
-10.052644 0.630944 79.322962
-9.161402 1.437516 79.020542
-10.037635 1.424683 79.510156
-9.076264 1.770078 80.439429
-10.001143 2.304795 78.574949
-9.290762 2.340544 79.468902
-9.957124 2.318760 80.758313
-9.729343 2.841094 81.806878
-9.900568 3.075289 83.390910
-9.902308 3.842322 78.546964
-9.461508 3.451209 79.692287
-9.067169 3.477322 81.520756
-10.044633 4.466522 82.170062
-9.606716 3.750779 82.682926
-9.572353 4.287071 85.551734
-9.792569 4.761455 82.659169
-9.596725 4.631402 82.712114
-9.734934 5.100958 84.186081
-9.658203 4.678246 84.974720
-9.121545 5.471672 86.203987
-10.023620 5.561688 87.197784
-9.474507 5.696290 81.956386
-10.000889 5.998703 83.639246
-9.743572 5.673265 83.852549
-9.431901 5.876574 85.943227
-9.951874 5.789581 87.072805
-8.971508 6.426609 87.245336
-9.913720 6.899095 83.300624
-9.578233 6.734575 84.103736
-9.529708 7.656027 84.917018
-9.595989 6.812301 87.553256
-8.991707 7.547974 88.562620
-10.052091 8.503133 84.463256
-9.212623 7.888917 84.993373
-9.969938 8.481613 88.074313
-10.029529 8.327481 88.263201
-9.644083 9.173337 84.445934
-9.414549 9.109342 88.111820
-9.608997 9.206640 88.341882
-9.276761 11.165876 83.774070
-9.824428 10.455299 83.820822
-9.991049 10.715090 88.188018
-9.719386 10.649746 88.675004
-9.836259 11.983205 84.389045
-9.873273 11.816407 85.245102
-10.021444 11.897242 86.177461
-10.054668 11.668642 87.429880
-9.078120 11.174102 88.824631
-9.261021 12.598787 83.724152
-9.554464 12.803407 84.826465
-9.484697 12.968047 85.208081
-9.633507 12.732244 86.303076
-9.628712 12.609195 87.180274
-9.069078 13.536129 84.774901
-8.954639 13.453573 85.058736
-9.196170 13.438020 87.895300
-7.858441 -21.324732 90.592812
-7.889372 -21.297095 95.731975
-8.479499 -21.605780 96.649420
-8.709318 -21.345603 97.366678
-8.238236 -20.117667 90.288007
-8.433311 -20.118886 90.554810
-8.715309 -20.194835 93.784068
-8.779944 -20.134660 94.901514
-8.758461 -20.504127 95.212360
-7.918312 -20.849657 96.252794
-8.909364 -20.251518 97.373254
-8.374969 -20.817195 98.454947
-8.489925 -19.828401 90.235594
-8.521066 -19.922436 91.418222
-8.441933 -19.244500 92.510842
-8.353300 -19.665499 93.326498
-8.509477 -19.758334 94.013866
-8.611499 -19.242950 95.492216
-8.411315 -19.377909 97.905737
-8.854849 -19.590416 98.368458
-8.919503 -18.007873 92.464119
-8.327327 -18.427002 92.733943
-8.199001 -18.951376 94.649661
-8.790535 -18.938524 95.428577
-8.469683 -18.638750 96.191001
-8.591946 -17.912328 97.566686
-8.029417 -18.786964 98.977984
-7.890117 -18.545011 99.472981
-8.565206 -17.147472 93.205904
-8.107341 -16.798075 94.354795
-7.911345 -17.501778 96.383272
-8.116857 -17.599664 97.314187
-8.877677 -17.662466 98.650259
-7.930399 -17.084695 99.657241
-8.502498 -16.415583 93.763804
-8.651684 -15.987190 94.376098
-8.422770 -15.645829 95.124292
-8.757022 -15.727214 96.785413
-8.235792 -16.439078 97.398727
-8.457458 -16.253668 99.407536
-8.751210 -16.040828 99.759427
-8.742908 -14.749242 76.154066
-8.409460 -14.602096 95.418005
-8.327848 -15.608840 96.187403
-7.956898 -15.586866 97.253802
-8.799614 -14.626223 99.239929
-8.779774 -14.703806 99.684769
-8.559196 -14.205830 76.188870
-8.493169 -13.802115 77.191933
-8.400671 -13.607094 96.039544
-8.303266 -14.413617 98.223298
-8.589196 -13.758643 99.392026
-8.785978 -13.596171 99.762939
-7.974400 -12.300188 76.224550
-8.801317 -12.447248 77.302679
-8.494265 -13.360985 99.182261
-8.598167 -12.639535 99.654225
-8.618262 -11.803774 76.572047
-8.656302 -12.178499 77.210973
-7.938981 -11.604661 99.771581
-7.937808 -12.139881 101.054693
-8.701932 -11.161945 76.824300
-7.951597 -10.876952 77.195973
-7.821129 -10.926396 100.985134
-8.815392 -10.032471 76.451945
-8.780661 -7.931496 76.480609
-8.851097 -7.115461 76.557927
-8.442451 -6.240767 75.902610
-8.367196 -6.243047 76.523635
-8.515363 -5.252174 75.780385
-8.873086 -4.790722 76.376895
-8.064539 -4.365622 75.874962
-8.932851 -2.722364 73.356137
-8.896448 -2.943040 74.466733
-8.655473 -2.950465 75.863365
-8.800318 -2.814438 76.259203
-8.575984 -2.112231 73.694146
-8.598484 -2.168651 73.905606
-8.462278 -1.920293 75.862052
-8.796395 -1.930876 76.596176
-8.270779 -0.862501 74.066114
-7.954135 -0.575590 74.938290
-8.587137 -0.676546 76.434298
-8.886395 -0.537290 77.327610
-8.855406 0.019334 78.508822
-8.641043 0.966866 79.348435
-7.951549 1.145831 76.568290
-8.517949 1.226989 78.044338
-7.960573 1.992467 78.530030
-8.828790 1.701944 79.499082
-8.815282 1.514428 80.492144
-8.352738 2.588988 79.314781
-8.639303 2.307717 79.497130
-8.583522 2.460464 80.489194
-8.725720 3.289182 81.604598
-8.911908 3.775730 79.316181
-8.624248 3.768365 80.325569
-8.871193 3.702606 81.316958
-8.584859 3.424675 81.779984
-8.720479 4.190184 82.689489
-8.259514 4.471220 81.419851
-8.814379 4.490862 82.437425
-8.637068 4.999090 82.753746
-8.735702 5.514116 83.945134
-8.748047 5.150424 84.962307
-7.956686 5.558386 86.468884
-8.277940 5.787009 83.273863
-8.853739 6.178053 83.810264
-8.673723 6.204698 85.139003
-8.304277 5.954682 86.109316
-8.680515 6.215744 87.257462
-8.877071 6.777929 84.727532
-8.677149 7.078077 85.074254
-8.326351 7.150657 87.902752
-8.361312 7.012324 88.266943
-8.812475 8.450221 84.702677
-8.806088 8.415666 85.089387
-8.636037 8.111876 88.693919
-8.857442 9.681024 83.996062
-8.350776 9.223433 84.929812
-8.095165 9.363242 88.230417
-8.283568 9.248778 88.443166
-8.408084 10.555306 83.709304
-8.395449 10.592672 83.909280
-8.464904 10.586821 88.846715
-8.734212 11.732103 83.641302
-8.836460 12.057788 83.810218
-8.204923 11.703238 88.254751
-8.936879 12.064559 88.441513
-7.846924 12.536807 83.643479
-8.663303 13.258350 84.193894
-8.613066 13.244851 86.839986
-8.840470 12.325094 87.948418
-8.620575 13.007509 88.589772
-7.985091 13.836664 83.643505
-8.871120 13.584903 84.811110
-8.871128 13.824651 84.910356
-8.768775 13.574448 86.078653
-8.131092 13.983095 87.149898
-8.053807 15.231087 84.812111
-8.765121 14.541673 85.010312
-7.880626 14.743354 86.867866
-7.153836 -23.399938 98.915832
-6.743925 -22.972749 99.541473
-6.991885 -21.607153 89.341696
-7.272108 -21.771611 89.411794
-7.745466 -21.247161 90.817113
-7.600717 -21.233119 94.959805
-7.135610 -21.257532 96.111653
-7.090286 -21.659702 97.892227
-7.563311 -21.487583 98.461076
-7.558751 -21.198644 90.460622
-7.558945 -20.157747 91.198265
-6.978405 -20.120276 92.135795
-6.843776 -20.477481 92.848156
-7.133185 -20.336335 93.857887
-7.167069 -21.078221 95.116011
-6.829978 -20.868589 96.453444
-7.508612 -21.007700 97.254752
-7.612957 -20.736985 98.562662
-7.425432 -19.197227 79.725168
-7.373009 -19.542242 91.598534
-7.665150 -19.545032 91.787131
-7.773144 -19.199544 92.922294
-7.633420 -19.025496 93.875802
-7.190643 -19.631999 98.826223
-7.612431 -17.905785 78.405360
-7.230654 -17.980781 79.660714
-6.883619 -18.600619 80.727718
-7.609434 -18.233338 93.486383
-7.061026 -17.925368 94.084576
-7.250434 -18.126311 95.027705
-7.780583 -18.532057 98.763249
-6.733026 -18.865111 99.804183
-7.660961 -17.081076 78.510331
-7.164205 -16.914515 79.377209
-7.443805 -17.576227 93.686000
-7.640744 -16.875202 94.286388
-7.133726 -16.972166 95.022251
-7.609053 -17.268395 96.369328
-7.100563 -17.644585 99.688522
-7.153773 -15.901035 76.474351
-7.545799 -16.224610 77.311592
-6.974466 -16.192439 78.521701
-6.878809 -16.673794 79.564954
-7.548134 -16.307968 94.776603
-7.780202 -15.670995 95.275369
-7.027488 -15.655242 96.769686
-7.568304 -16.691379 99.767790
-6.769853 -15.869623 100.744628
-7.484829 -14.577740 76.590586
-7.565586 -14.538361 77.601291
-7.201517 -15.363024 78.740206
-7.338481 -14.963259 95.442773
-6.801195 -15.224614 96.125912
-7.776476 -15.142710 97.856185
-6.824810 -15.003176 98.337794
-7.413780 -15.336247 100.120851
-7.231686 -14.915012 100.908830
-7.222819 -13.979436 76.920774
-7.597333 -14.184189 77.089510
-7.033463 -14.362015 95.938857
-7.276018 -14.298294 96.184735
-6.804945 -14.060323 97.476803
-7.083340 -14.450372 98.412547
-7.158426 -13.508746 100.453580
-6.891146 -13.443702 100.759307
-6.790134 -12.826245 75.873438
-7.786471 -12.488814 76.145537
-7.676809 -12.304194 77.172373
-7.635535 -13.164890 99.388599
-7.656847 -13.174242 100.520998
-7.526971 -12.362018 100.833422
-7.726754 -12.259756 76.191430
-7.183570 -11.197063 77.135604
-7.589841 -11.943215 100.131145
-7.727835 -12.167505 100.650441
-7.742184 -10.693247 77.045045
-7.180176 -11.030587 77.363268
-6.774075 -10.494118 100.114370
-7.101556 -11.085453 100.886751
-7.374480 -10.566994 101.832755
-7.801926 -9.557302 76.728513
-6.875097 -9.818867 100.182867
-7.266001 -9.829898 101.076342
-6.996833 -9.226034 101.743926
-7.232455 -8.696991 75.904675
-7.072448 -8.816805 76.390437
-6.773853 -8.251219 101.609359
-7.283510 -8.705690 102.105004
-6.707478 -6.766576 75.450405
-7.703517 -7.648453 76.270323
-6.752054 -6.932748 102.177532
-7.125031 -6.284491 74.656267
-7.688449 -5.971418 75.256244
-6.978387 -6.178416 76.105619
-7.382735 -5.485316 74.554393
-7.629211 -5.540054 75.457462
-6.703681 -4.443944 74.264645
-7.358500 -3.956349 75.021097
-6.821126 -3.278231 74.239607
-7.543474 -2.475712 75.501112
-6.784078 -1.431472 73.502931
-7.765383 -1.399799 73.898940
-7.549060 -1.733223 75.190673
-7.753342 -1.367144 75.990300
-7.756088 -0.134922 74.160216
-7.772293 -0.444661 74.946319
-7.631524 -0.263469 76.903590
-7.373246 0.794078 77.378162
-6.980072 1.012958 78.336715
-7.348231 1.426893 74.138573
-6.948623 1.174755 75.519281
-7.105701 1.158427 76.279451
-7.122081 1.348405 78.074807
-7.640271 1.482699 78.860304
-6.781499 2.451110 75.327464
-7.421124 2.381562 79.002727
-6.747282 2.800911 79.791104
-7.725059 2.942910 80.523516
-7.737969 3.745100 80.049247
-7.110717 3.715534 80.759886
-7.504353 4.252015 82.190111
-7.440676 4.512017 82.142399
-7.665817 4.689824 83.121785
-7.293231 5.423539 84.148196
-7.283470 5.633489 83.776624
-7.560073 5.841559 83.815109
-7.810627 5.997059 84.948910
-7.517072 6.652189 86.124286
-7.557385 6.445282 87.312553
-6.997279 7.216991 84.866922
-7.698835 6.972631 85.873780
-7.306790 6.723237 86.862965
-6.757839 7.107568 87.379936
-7.340503 7.563322 88.352517
-7.346290 8.210707 84.803235
-7.615923 8.488403 84.949203
-7.577465 7.864624 88.202860
-7.120734 8.127897 88.387948
-7.467942 9.732050 84.449574
-6.771865 9.129631 84.997637
-6.820256 8.948029 88.082403
-6.861401 9.070599 88.424109
-7.722481 11.162870 83.473190
-7.108630 10.407316 84.247101
-7.079372 10.218937 88.730199
-7.727270 11.321896 83.696751
-7.755074 11.272540 84.051357
-7.812494 12.268495 88.508936
-7.116144 11.450252 89.406157
-7.767924 12.590858 83.604393
-7.170036 13.252738 84.010453
-7.263284 13.041167 87.862688
-7.807410 12.440028 88.536554
-7.685959 13.968985 83.717134
-7.801916 13.850397 83.997415
-7.746414 13.717692 87.829095
-6.752219 13.767911 88.311502
-7.447821 15.034908 83.462260
-7.534630 15.177757 84.465347
-7.593085 15.011825 85.827155
-7.697996 14.769132 86.711993
-7.796145 14.883077 87.454308
-6.710904 14.911503 88.385541
-6.767572 15.721935 83.635854
-6.863558 15.648873 84.327198
-6.771593 16.377760 88.003117
-5.764863 -22.602897 97.428387
-5.997171 -22.931299 99.050926
-6.655619 -22.833632 99.458461
-6.687036 -23.089475 100.608329
-5.600406 -21.651683 88.141118
-5.863531 -21.629341 88.599705
-5.896825 -21.340776 89.758702
-6.106214 -21.283176 90.652610
-5.996351 -21.360736 94.606585
-6.151436 -21.353291 94.966968
-6.357828 -21.656610 96.132432
-6.639491 -21.287640 97.340870
-6.384852 -21.748787 99.374667
-5.629615 -21.850298 101.329721
-6.426029 -20.312115 78.340691
-6.068996 -20.597190 89.296880
-6.569560 -20.702951 90.302341
-6.528446 -20.226156 91.153240
-6.316396 -20.235601 92.579295
-6.017228 -20.376168 92.791435
-6.482780 -20.871273 94.124860
-6.073724 -20.404417 95.379011
-5.594380 -20.420859 96.384963
-6.697526 -20.429591 97.421775
-5.751614 -20.590647 98.850957
-5.640373 -20.901290 100.355366
-6.352241 -19.293731 79.131432
-6.493757 -18.999313 79.507754
-5.816544 -19.816361 80.647041
-5.618356 -20.068693 90.167025
-6.243426 -20.088912 91.052758
-6.595448 -19.907036 92.044808
-6.205568 -19.119200 93.716318
-5.938121 -19.938553 93.907271
-5.995647 -19.682159 98.146692
-6.479023 -19.702322 98.676215
-6.161734 -19.185432 99.669332
-6.546562 -18.792816 79.190974
-6.166194 -17.880694 79.978742
-5.900330 -18.139657 80.578106
-5.964255 -18.828329 93.777757
-5.995235 -18.575154 93.861240
-6.534342 -18.698400 99.097954
-6.690241 -17.966391 99.574454
-6.563815 -16.807816 77.256970
-6.573113 -17.520675 78.973926
-6.695481 -17.484630 79.374154
-6.110382 -17.481429 94.784856
-6.013806 -17.443226 95.046738
-6.221343 -17.011727 99.253405
-6.328722 -17.755232 99.890480
-5.613733 -15.833317 76.696428
-6.208825 -16.391069 77.391833
-6.700401 -16.511922 78.581812
-6.594670 -15.795726 95.574806
-5.650557 -15.642297 96.095564
-6.460735 -16.151042 100.321836
-5.829112 -16.271377 100.677179
-6.666974 -15.288517 76.930468
-6.589771 -15.411788 77.289753
-6.552279 -15.217187 95.937477
-6.491641 -15.243902 96.093161
-6.438663 -14.972603 97.353172
-6.670145 -14.768767 98.379122
-6.180631 -14.935687 100.175022
-6.012911 -15.225057 100.594645
-5.699475 -14.834565 101.756173
-5.995244 -13.512181 77.049958
-6.429643 -14.389611 77.102049
-6.681116 -13.586440 96.322150
-6.636525 -13.505688 97.259798
-6.660068 -14.507408 98.712747
-6.352970 -13.614206 100.180181
-6.089996 -14.203642 101.054715
-5.703267 -14.504556 101.687548
-6.622840 -12.400942 77.018387
-6.603730 -12.442583 77.086895
-6.533603 -13.388912 97.171897
-5.983777 -13.248117 97.251521
-6.603622 -13.131024 98.981780
-5.654432 -12.787831 99.450931
-6.043172 -12.737506 100.937348
-6.516688 -12.101087 76.364706
-6.122941 -11.893206 77.087264
-5.661940 -12.222554 98.089724
-5.767961 -11.574493 99.421770
-5.982711 -11.656004 99.721284
-6.263292 -11.320280 100.770531
-6.682444 -10.727351 76.782005
-6.505545 -10.522761 77.142616
-5.783948 -10.409467 99.421624
-5.989980 -10.515721 99.440492
-6.568095 -11.059277 101.186008
-6.600040 -9.408356 76.314332
-5.971530 -9.967348 77.141525
-5.753154 -9.725822 99.857754
-6.200612 -10.037239 101.485611
-6.697766 -9.473300 102.365633
-6.537233 -8.191825 76.360394
-5.981627 -8.477841 100.469377
-5.733659 -8.569885 100.741349
-6.514029 -8.410488 101.695711
-6.043947 -7.074482 75.820035
-6.513738 -7.466569 76.127357
-6.024738 -7.221332 101.619975
-5.730269 -7.332757 101.954908
-6.168925 -7.167148 102.858668
-6.699665 -5.724508 74.985993
-5.713143 -5.915604 101.108811
-5.967698 -5.878430 102.443044
-5.657529 -6.077724 102.937597
-6.633066 -4.568131 74.355719
-6.605575 -5.147618 75.173757
-5.612809 -4.901834 102.057023
-5.628646 -5.067789 103.149682
-6.667904 -3.423757 74.113217
-6.528073 -2.247087 73.609074
-6.664413 -3.285435 73.984584
-6.333351 -1.373310 73.428520
-6.453091 -2.187328 73.778862
-6.383362 -0.557754 73.365457
-6.172804 -0.499152 74.361610
-6.556516 0.062825 75.143338
-6.179186 1.115328 76.914779
-6.626554 1.081490 77.943780
-6.114224 1.516345 74.707727
-5.760647 1.499882 75.020301
-6.418629 1.384233 77.037305
-6.587805 1.256245 77.759055
-6.601081 1.845740 79.052741
-6.480434 2.554393 75.469483
-6.117064 2.300738 76.409812
-5.695900 2.847273 77.442494
-6.556408 2.248325 78.496157
-6.250310 2.543183 79.455077
-6.514363 3.132908 80.572438
-5.663421 3.423159 75.203201
-6.574889 3.760952 79.599481
-6.305043 3.353739 80.587460
-6.393649 3.852658 81.633109
-5.881161 5.112728 81.288215
-6.184565 5.096323 82.293878
-5.846457 5.566328 82.788898
-6.115667 5.711414 82.539026
-6.492838 6.088644 83.504192
-6.363926 6.586220 84.628624
-6.092046 6.597812 85.844272
-6.164272 6.645729 86.163215
-6.416964 6.984270 84.681245
-6.360225 6.733946 85.753683
-6.670630 6.992550 86.213111
-6.512563 6.827050 87.409346
-6.211203 7.396887 88.293462
-6.345446 8.472481 84.567871
-6.645581 7.933223 85.173643
-6.042391 8.058086 86.396306
-5.607786 7.931077 88.232101
-5.722973 7.842342 88.411175
-6.185959 9.603581 84.583034
-6.493178 9.494106 84.940367
-6.649790 9.021754 88.100606
-6.418092 9.508737 88.386988
-6.098470 9.757382 89.399105
-6.373724 10.805850 83.754876
-6.366137 10.835231 83.929760
-6.614619 10.244522 88.598834
-6.190004 10.780079 89.465928
-6.404374 12.261692 83.375788
-5.942192 11.339703 84.072533
-5.816706 11.173788 89.317997
-5.587241 11.793879 89.622939
-5.742607 12.150374 92.542127
-5.892331 11.728656 92.813171
-6.649540 12.418209 83.782787
-5.774091 12.585384 83.979751
-6.071876 12.620927 89.261881
-6.466436 12.341377 89.728935
-6.410515 13.620791 83.300382
-5.967791 13.927459 83.823760
-6.647060 13.587153 88.072149
-6.428011 13.718073 88.383383
-5.793649 14.147857 89.870558
-6.410598 15.428460 83.616666
-6.568305 15.489083 84.313238
-6.530150 15.001916 87.198384
-6.654021 15.219839 88.298876
-5.677466 14.654655 89.810176
-6.693158 15.758901 83.473495
-6.490625 15.729262 83.915332
-6.258044 16.121587 84.993086
-6.227144 15.935965 86.138510
-6.576195 16.398225 87.200359
-5.592797 17.361474 84.034990
-5.683682 17.082572 85.758979
-5.624657 16.855148 86.904117
-5.884700 17.081018 87.365830
-5.165973 -24.673299 103.273338
-5.121392 -24.359431 101.758200
-5.584885 -22.468149 98.013939
-5.403233 -22.836148 99.116686
-5.541502 -22.871975 99.620418
-4.974938 -23.434109 101.379948
-5.400361 -22.759169 102.218233
-4.518699 -21.554046 85.912880
-4.742648 -21.627092 87.513216
-4.832208 -21.236820 88.440380
-5.181696 -21.252306 90.034299
-4.830684 -21.409770 92.616718
-4.852369 -21.404910 93.724325
-5.340765 -21.617991 94.478697
-5.236378 -21.268447 95.612929
-5.304932 -21.254647 96.423917
-5.284723 -21.859812 97.869961
-5.023819 -22.269955 98.486859
-4.882349 -21.558351 99.985322
-5.256914 -21.641811 101.340187
-4.525194 -21.166960 84.773256
-4.737385 -20.594132 86.810023
-4.700828 -20.600749 87.142918
-5.016793 -20.914418 88.742547
-4.745894 -20.363716 89.420608
-4.494260 -20.654285 91.056016
-5.219207 -20.331735 92.604327
-4.570496 -20.217896 93.159772
-5.284765 -20.702041 94.286156
-5.461227 -21.002312 95.196627
-5.372427 -21.092167 96.706114
-5.503741 -20.892684 98.037154
-5.431843 -20.693380 98.541040
-4.559771 -21.073455 99.479897
-5.023269 -20.893359 100.664899
-4.585965 -19.264337 79.833459
-5.274364 -19.298987 81.461489
-5.569389 -19.105547 81.755531
-4.505239 -20.084987 87.734100
-4.977716 -19.887641 89.301703
-4.907975 -19.994830 89.538265
-4.771074 -19.616234 90.904422
-5.228496 -20.032640 91.996605
-5.357972 -19.286060 93.748394
-5.341015 -19.481703 94.117027
-4.792485 -19.823960 94.966194
-4.797036 -19.683942 96.399934
-5.254558 -19.935369 97.260106
-5.166092 -20.051806 98.339180
-5.220827 -19.069612 99.900278
-5.461006 -18.794652 78.707339
-5.527807 -18.284349 80.277815
-5.492439 -18.224429 81.384103
-5.435011 -18.942567 81.711358
-5.262077 -18.469554 94.574669
-4.943719 -17.940531 95.042617
-5.294723 -18.449234 99.404955
-5.455143 -18.128811 99.815270
-5.316484 -17.370152 78.138612
-4.695735 -16.899022 78.503930
-5.265419 -17.637419 79.477896
-5.476866 -17.445969 80.519609
-5.100195 -17.672389 94.901453
-4.791134 -17.754707 95.005907
-5.205050 -17.149834 99.397012
-4.646290 -17.540394 99.582817
-5.544680 -15.730533 76.906868
-5.193302 -16.014143 78.094517
-5.475754 -16.191158 78.369518
-4.512421 -16.456289 79.806124
-5.555613 -16.574325 95.952466
-5.427784 -15.856017 96.152514
-4.599719 -16.417469 99.425634
-5.579422 -16.139060 99.820961
-4.822927 -15.690457 102.233740
-5.370578 -14.599573 76.989706
-5.414864 -14.586024 77.269332
-5.240919 -15.153471 78.245587
-5.342426 -15.471143 96.033946
-5.055485 -14.832252 96.269067
-5.175385 -14.690273 97.199286
-5.413767 -15.426718 100.483573
-5.083269 -14.556062 100.921346
-4.913967 -15.568844 102.002174
-4.930988 -13.939705 76.128762
-4.721955 -13.601140 77.381923
-5.216813 -14.279764 96.878308
-4.849914 -13.750012 97.227173
-4.639326 -14.048313 100.291151
-5.423698 -14.312347 101.014790
-5.498511 -13.015722 76.685665
-5.318981 -12.458171 77.163152
-5.326521 -12.455216 97.880862
-5.055448 -13.141017 101.114891
-5.338063 -12.235759 77.046854
-5.344423 -12.082018 77.281933
-5.580879 -12.239897 98.154279
-5.242654 -11.679996 99.284623
-4.603135 -11.363445 99.462432
-5.186893 -11.926813 101.007099
-5.477739 -11.839945 101.793257
-5.303394 -10.918168 77.312870
-5.023616 -10.880180 98.702874
-5.420111 -10.756352 100.480346
-5.499980 -10.640150 101.333368
-4.750342 -10.159875 102.593650
-4.825018 -10.111903 102.801376
-5.149045 -9.639457 76.370842
-5.557979 -9.597201 100.031192
-5.278633 -9.334700 101.654689
-5.324635 -9.312416 101.961267
-4.908695 -10.054332 102.790818
-5.148273 -8.165313 75.827788
-5.243168 -8.404144 76.760608
-5.097931 -8.573000 100.164676
-4.646630 -8.133098 101.531968
-5.115262 -8.632997 102.470069
-4.850047 -8.815570 102.952587
-4.655033 -7.790036 75.961646
-4.713877 -7.743958 100.353160
-5.508035 -7.301711 100.801857
-4.690217 -7.729411 102.442489
-5.437968 -7.671421 103.017162
-5.301065 -6.484284 101.138338
-5.569525 -6.114240 102.020284
-5.466730 -6.159217 103.122579
-4.589484 -6.016261 104.067047
-4.606042 -6.626192 105.710491
-4.469997 -5.179106 100.521247
-4.999880 -5.011840 101.515477
-5.185824 -4.843321 102.468851
-5.575478 -5.059522 102.870844
-4.665568 -3.887952 101.446938
-4.665717 -3.985728 101.860440
-4.666467 -4.306032 103.128898
-4.570019 -2.745834 101.217932
-4.657569 -2.994438 102.311724
-4.570013 -2.920844 102.854463
-5.543645 -0.887115 73.651568
-5.527753 -1.099615 74.013469
-5.181330 1.081404 74.941521
-4.723274 1.177594 74.237712
-5.366041 1.323075 75.473251
-5.145066 1.154212 76.959825
-5.569611 1.557211 78.203746
-4.503488 2.004026 78.224778
-4.834532 2.499016 75.612577
-5.306944 2.280989 75.991708
-5.461206 2.314176 77.540778
-5.388563 2.353891 78.390497
-5.314884 4.014683 75.331794
-5.172601 3.677886 76.568523
-4.865707 3.396859 77.670908
-5.545559 3.485939 78.294870
-5.528652 3.711983 79.711841
-5.196334 4.097304 80.870357
-4.672419 4.512443 76.723842
-4.843452 4.559203 78.902703
-5.361871 4.527426 79.686492
-5.491342 4.468981 80.962423
-5.527491 5.530541 81.599446
-4.665626 5.595417 80.922428
-5.491717 5.592030 81.971068
-5.521800 6.438810 82.783158
-5.504058 6.410758 84.105757
-5.029412 6.741663 81.620024
-5.467001 6.940895 83.758077
-5.490289 7.109213 84.068966
-5.349845 7.535704 85.069842
-5.510455 7.028749 87.108706
-5.275123 7.752643 87.198936
-5.061340 7.537334 88.302712
-5.502551 7.829192 84.851380
-5.553157 8.096743 85.894593
-5.535819 7.878685 86.152029
-5.294336 7.839433 87.241303
-4.556886 7.890417 88.353204
-5.112413 9.657352 84.345614
-5.481765 9.022921 85.532249
-4.822594 9.157470 86.443486
-4.711973 9.125221 87.797947
-4.897655 9.325395 88.352717
-4.889320 9.879003 90.197655
-4.683229 9.081530 91.446583
-5.393326 10.099111 84.907006
-4.677427 11.103068 85.057005
-5.293771 10.435442 88.755842
-4.694542 10.242884 89.499428
-4.970295 10.396556 91.138118
-5.288413 10.412862 92.172114
-5.558582 11.318890 83.776836
-5.297953 12.125351 84.091105
-4.943091 11.250106 84.954424
-4.860443 11.684903 89.158421
-5.537518 11.562883 89.448837
-4.875386 11.563221 90.520055
-4.665444 12.060895 91.737774
-5.552412 11.844767 92.915192
-4.676852 13.389960 83.733004
-4.851882 13.218284 83.993212
-4.559916 12.619309 87.348666
-5.502639 12.607456 89.081675
-4.809663 12.443758 90.354141
-4.946541 12.605483 91.155379
-5.143010 12.306923 92.601184
-4.593274 13.247631 92.890151
-5.112580 14.511482 83.590290
-5.165536 13.495481 83.794775
-5.518801 13.867862 89.204845
-5.416849 14.219815 89.441656
-5.046263 13.659261 91.475172
-4.787821 13.890824 92.210283
-5.131706 14.548063 83.741479
-5.567100 15.289362 88.413534
-5.455939 14.657130 89.437788
-4.653456 15.329745 90.664950
-5.482583 16.402547 83.520368
-4.687964 16.631985 83.815199
-5.409675 16.546877 87.435567
-5.108910 16.391839 88.334132
-5.033492 17.154354 83.495546
-5.040239 16.932575 83.968770
-5.542913 16.997007 84.937906
-4.837180 17.718765 86.251913
-5.208884 17.794972 87.198812
-4.905141 17.901156 84.540817
-4.971696 17.879609 85.349381
-5.324256 18.109061 86.861452
-4.505584 18.022879 89.451309
-3.709010 -22.344398 98.933998
-3.897691 -21.262701 84.576652
-4.334780 -21.272618 85.553405
-4.283031 -21.279283 86.070380
-4.204290 -21.497149 92.370304
-4.259095 -21.237289 96.504507
-4.443874 -21.918030 97.709429
-4.092996 -21.230646 98.493826
-3.928934 -21.977498 99.647553
-4.384084 -22.140686 101.227190
-3.584577 -20.425313 83.010322
-3.932993 -20.553734 83.873564
-3.619052 -20.564897 85.186925
-4.363950 -20.405151 86.977815
-3.731462 -20.122557 87.211280
-4.044459 -20.379866 88.766747
-3.435749 -20.486901 90.389705
-3.498174 -20.701879 90.676039
-3.455381 -20.274156 91.894767
-4.141510 -20.361535 93.004368
-4.175050 -20.948214 93.938889
-3.604791 -21.099394 95.382193
-3.863994 -20.777909 96.287401
-4.184309 -20.369383 97.295310
-3.975294 -20.934894 98.748519
-4.177139 -19.409924 81.269889
-3.614166 -19.558453 82.248714
-3.390272 -19.409628 83.110135
-3.389331 -19.451650 85.175145
-3.698068 -19.411469 86.111831
-4.038686 -19.948828 87.278304
-3.976020 -19.833334 88.404750
-3.494877 -19.728263 89.488974
-3.536067 -19.613079 90.796755
-3.772880 -19.705156 91.640189
-3.780484 -19.984905 93.023951
-4.302200 -20.029576 94.221721
-4.392279 -19.408179 95.105299
-3.485696 -19.987034 96.153129
-3.857465 -19.309543 97.200078
-4.332202 -19.057254 98.662585
-3.734417 -19.210744 99.474599
-4.405254 -18.070674 78.697730
-4.466077 -18.629016 80.103848
-4.141909 -18.066700 80.614723
-4.416640 -18.387153 82.337727
-4.036073 -18.355918 83.386071
-3.372073 -18.364166 85.530130
-4.452505 -18.718693 94.562706
-4.025561 -17.972105 95.301669
-4.067082 -18.018990 96.481984
-3.462195 -18.282383 97.387194
-4.201722 -18.566584 99.306078
-4.186889 -18.398409 99.499648
-4.358914 -16.995116 79.163661
-4.080685 -17.518048 80.120212
-4.235971 -17.830350 80.643629
-3.400981 -17.730858 95.602323
-3.635364 -16.869243 96.113530
-3.562443 -17.629577 97.732658
-4.443989 -17.822938 99.178898
-4.337369 -15.895868 76.902568
-4.226323 -16.023143 77.601762
-4.338226 -15.770807 78.942082
-4.123379 -16.600378 79.334865
-3.781569 -16.732739 95.899055
-4.366529 -15.981115 96.350562
-4.302437 -16.449392 99.176672
-4.299988 -16.581554 99.731356
-4.459705 -15.812348 102.158835
-3.933715 -15.035258 77.035018
-4.228301 -15.640179 77.782336
-3.500186 -15.350332 78.296663
-4.172045 -15.319150 96.686652
-3.530983 -14.811103 97.390152
-3.558968 -15.637260 99.410355
-4.305964 -15.446374 100.102216
-4.456834 -14.971414 101.224794
-3.844578 -15.141637 102.005435
-4.035715 -14.431584 76.865723
-3.873292 -13.947345 77.710230
-4.121088 -14.521889 96.980379
-3.901498 -14.173146 97.588146
-3.948714 -14.367681 100.424216
-4.434706 -13.435783 100.706240
-4.317931 -12.981269 77.053554
-4.405487 -13.224260 77.435988
-4.431338 -13.087211 98.089895
-4.449762 -13.124201 100.787863
-4.048733 -11.178132 77.498652
-4.257776 -11.677923 98.252016
-4.423741 -12.115937 98.754994
-4.364755 -12.132288 101.490054
-3.627822 -11.379637 101.936057
-3.944746 -11.179436 103.313220
-4.290156 -10.936398 76.950199
-4.116615 -10.953339 77.944625
-3.992081 -11.166631 98.677610
-4.379075 -10.317796 99.493338
-4.142864 -10.801701 101.472269
-4.459080 -10.149859 102.576073
-4.419597 -10.092410 102.886526
-3.426732 -9.456427 75.717657
-4.380802 -9.112696 76.666661
-3.931344 -9.798014 77.388197
-3.441612 -9.558918 99.067909
-4.305767 -9.780307 100.294662
-4.139337 -9.687412 101.601102
-3.580934 -9.091348 101.830181
-4.197787 -8.522364 75.612424
-4.151206 -8.905717 76.656891
-3.797896 -8.153631 99.114944
-4.152964 -8.890809 99.495194
-4.401067 -8.493122 101.651235
-3.980794 -8.677661 101.923474
-3.720841 -8.097961 102.794869
-3.360885 -7.135449 99.420066
-4.132009 -6.797342 100.106615
-3.641527 -7.475617 101.582935
-3.982596 -7.664912 102.375832
-4.413408 -7.060043 102.847579
-3.485501 -6.755647 104.551119
-4.188444 -6.808060 105.159836
-3.365119 -7.292822 106.184534
-3.377525 -5.910921 99.109620
-4.277401 -6.634018 100.187535
-3.425928 -5.823861 101.522688
-4.099736 -6.664118 102.103400
-4.010386 -5.928816 102.858817
-3.353199 -5.869441 104.595647
-4.309340 -6.616750 105.894326
-3.848209 -6.531631 107.151690
-3.406817 -4.601454 99.420238
-3.446803 -4.670053 100.246648
-3.388906 -5.449676 103.098208
-4.352111 -4.944873 103.901696
-4.359565 -4.274096 100.535031
-4.429482 -4.100938 101.639090
-4.137208 -3.655410 103.687124
-4.013991 -4.271994 103.960524
-4.015172 -2.944242 101.220846
-4.337596 -3.152082 102.331386
-3.808753 -2.872948 103.785857
-3.413696 -3.234869 104.104619
-3.460154 -2.129604 103.827579
-3.406111 -1.899313 104.160191
-4.413906 0.005894 73.395571
-4.388949 -0.425239 74.231948
-3.896432 -0.291108 75.040152
-3.995961 0.871043 76.694213
-3.766379 1.073545 77.207313
-3.377845 1.154978 75.841468
-3.868413 1.174950 76.839785
-4.352971 1.955403 78.107232
-4.224663 1.919356 78.329978
-4.123264 2.472063 74.652678
-3.699162 2.471946 75.232048
-4.231242 2.656147 77.056478
-4.214808 2.346589 77.835618
-4.145081 2.234961 78.663719
-3.924990 3.406265 76.312621
-3.832455 3.451767 77.185560
-4.316235 4.037109 78.268446
-4.228325 4.361329 79.325355
-3.965510 4.639842 77.938479
-3.974663 4.597116 79.073111
-4.364022 4.634416 80.140578
-4.123471 4.479547 80.484238
-4.190382 6.536575 80.228792
-4.309681 5.647665 80.880506
-4.439643 5.940374 82.023162
-3.410533 6.705779 80.333039
-3.512276 6.782229 81.337779
-4.399242 7.001067 81.802331
-4.308844 7.193095 83.180128
-4.374859 7.560529 88.105767
-4.006781 7.274503 88.982047
-4.073132 7.476709 90.168123
-3.620482 7.765157 90.524105
-4.020442 7.881012 81.557559
-4.223970 8.051464 82.802474
-4.064249 8.566057 84.027686
-4.018389 8.563849 85.151360
-4.458806 8.911334 86.052689
-4.368003 7.948743 88.112586
-4.341824 8.514455 88.456706
-4.293749 8.531507 89.620054
-3.515972 8.606330 90.512621
-3.376305 7.963087 92.364249
-3.435797 9.403135 82.921210
-3.823884 9.455824 84.894280
-4.192762 9.183088 85.987261
-4.283680 8.977185 86.107507
-3.811837 9.073387 87.253150
-4.075854 9.256080 88.638545
-3.537776 9.264527 89.636634
-4.046915 8.985845 90.578783
-4.450973 9.145095 91.715110
-4.429507 10.591733 84.466693
-3.859345 10.380620 85.349335
-4.135399 10.340485 86.416255
-3.809343 10.165176 88.078834
-3.839572 10.358721 88.673989
-4.114709 10.224731 90.200959
-4.220463 10.672487 90.880335
-4.412935 10.803272 91.797103
-4.061166 11.620437 84.782273
-3.442014 12.139650 85.084870
-4.048808 11.179022 87.131669
-4.352851 12.058107 88.197528
-4.338983 11.310142 88.751807
-4.340114 11.207445 89.406379
-4.340050 11.929900 91.011145
-4.335083 12.899116 84.601533
-3.721011 12.294374 85.245719
-3.622058 12.411250 86.669248
-3.954821 12.486660 87.286408
-4.088367 12.324187 89.317028
-4.326596 13.084401 90.456034
-4.413014 13.186707 90.534169
-3.953690 12.903012 92.044104
-4.355279 14.476442 82.806621
-4.427859 14.099139 84.371623
-4.039304 13.991361 88.145278
-4.460502 14.280920 88.340666
-4.467561 14.385039 90.094511
-4.186880 14.455765 91.306515
-4.431232 13.811935 92.250826
-3.388146 14.021734 92.895292
-4.386187 14.673319 83.212350
-3.647179 14.721032 84.169780
-4.465929 15.173829 89.132915
-3.573771 14.682963 89.384980
-4.185312 14.923997 91.413904
-4.105842 15.104599 91.795390
-3.859574 15.143847 92.772504
-4.402018 16.586464 83.658116
-4.404518 16.086231 88.714784
-3.568182 16.486427 89.440867
-4.161638 17.316714 83.686343
-4.129044 16.996358 88.706674
-4.163510 17.748799 89.477917
-3.537312 18.369981 83.375758
-3.823246 18.333059 83.902462
-4.254129 18.460199 85.067108
-4.357731 18.654198 86.628886
-3.975159 18.469545 87.763938
-4.179723 17.948158 89.261746
-4.440686 17.884912 89.638719
-3.373982 19.327200 84.548887
-3.713737 19.712321 85.374280
-4.042274 19.657739 86.114859
-3.712734 19.382499 87.600644
-2.827907 -22.569819 98.667168
-3.310115 -22.251359 98.935794
-3.292123 -20.128763 83.958268
-3.313997 -20.462275 85.212376
-3.322326 -20.643606 87.968422
-3.281037 -20.315119 88.334955
-2.275812 -20.194806 89.395850
-3.100647 -20.156792 91.418795
-3.089233 -20.256528 95.870681
-3.351122 -20.270741 96.335954
-3.087264 -19.321522 82.137663
-2.888496 -19.472451 83.199398
-3.114204 -19.192357 84.449930
-2.980014 -19.389587 85.251440
-2.472136 -19.147804 86.284884
-3.289029 -19.143395 87.460801
-2.850216 -19.948380 89.085395
-2.396985 -19.517350 89.616065
-2.235144 -20.017358 90.839296
-3.344930 -19.370160 92.285658
-3.302340 -19.716895 93.121433
-3.107279 -20.094814 95.737597
-2.783164 -19.167194 96.365709
-2.844559 -18.183716 79.635895
-3.211161 -18.541578 81.175648
-3.030452 -18.140777 81.756944
-2.786290 -18.431153 83.337474
-3.181812 -18.048241 84.211322
-2.754431 -18.609972 85.454928
-2.790625 -18.688778 86.434407
-2.399976 -18.142457 87.393992
-2.275707 -18.873189 89.771638
-2.360707 -18.913228 92.850587
-3.317869 -18.039311 94.389414
-3.221224 -18.883855 96.626229
-3.098233 -18.206362 97.311827
-2.770308 -16.789782 80.044140
-3.269095 -17.761158 81.014832
-3.220838 -17.857685 81.594818
-2.364156 -17.656388 85.943390
-2.306483 -17.840646 86.869930
-2.702923 -17.556459 95.036239
-3.041604 -17.004052 96.459040
-3.216728 -16.763696 98.188508
-3.295336 -16.770535 98.365850
-2.727469 -15.819044 77.497095
-3.285522 -16.193936 79.160983
-2.941895 -15.660165 79.526070
-2.369196 -16.629912 96.064516
-3.078529 -16.389080 96.629070
-2.382023 -15.835829 97.309217
-3.243196 -15.643624 98.996782
-3.327606 -15.829588 99.597130
-3.022908 -15.197802 76.786651
-3.170260 -15.446914 77.803852
-3.161978 -15.323200 78.680742
-3.025048 -15.540147 79.822134
-3.017449 -15.453144 96.632608
-3.221536 -14.780473 97.755166
-2.668149 -15.276904 98.353372
-2.845918 -15.358797 99.630054
-2.864281 -14.655605 100.678012
-3.335070 -15.266641 102.246124
-2.982046 -14.258279 76.695006
-3.277650 -13.973372 77.472803
-2.830724 -14.357158 78.944445
-3.280896 -14.125286 97.654963
-3.135955 -14.388845 98.894370
-2.889907 -14.472548 99.808374
-2.880733 -14.476852 100.793073
-2.914806 -14.425395 102.095225
-3.141402 -13.390989 77.687607
-3.158738 -13.305655 78.584980
-3.330544 -12.433646 98.260446
-3.083356 -13.202184 98.980228
-2.593945 -12.683831 100.503562
-2.972398 -12.551219 100.932946
-2.541979 -12.952188 101.741589
-2.505473 -13.375290 102.960916
-3.214998 -12.067020 78.127349
-2.393996 -11.812022 98.221932
-3.221221 -11.363173 98.584953
-2.493293 -11.710563 99.505566
-2.683391 -12.067219 100.569607
-2.613129 -11.277066 101.799804
-3.344193 -11.753210 103.259779
-2.788498 -10.383408 77.045372
-3.289439 -10.396402 77.755659
-2.627822 -11.170113 78.330798
-2.526927 -10.782907 98.158285
-2.849510 -10.866879 99.102613
-2.351456 -10.927294 99.591566
-2.595506 -11.095361 100.685682
-2.921730 -11.020197 102.192704
-3.058042 -10.909556 102.924931
-3.144835 -9.237707 75.963021
-3.247018 -9.761187 76.777748
-3.342263 -9.626725 77.151093
-3.281598 -9.493458 98.616976
-2.998450 -9.765878 99.435647
-2.762069 -9.760417 100.809097
-3.158934 -8.993569 101.770652
-2.780023 -8.456305 75.771719
-2.732908 -8.479260 76.040055
-2.790659 -8.486542 98.696409
-3.167158 -8.914277 100.879727
-2.648523 -7.854612 101.742268
-2.526208 -7.345226 98.947516
-3.314726 -7.072819 99.454258
-3.099595 -7.695765 101.370851
-3.170335 -7.689123 101.697642
-2.971488 -7.612606 103.336587
-2.786855 -6.918796 104.173000
-2.976316 -7.340359 105.269143
-3.317761 -7.456885 106.136341
-2.829195 -7.069104 110.586214
-3.063649 -6.013452 99.278022
-3.195954 -6.164818 99.521407
-2.307840 -6.227080 101.306416
-2.689085 -6.178175 102.281753
-3.099096 -6.309727 103.170054
-3.288876 -5.804549 104.269171
-3.065146 -6.692722 107.031017
-2.619302 -6.234158 107.936363
-2.512191 -6.634666 109.300387
-2.412391 -5.181576 99.271435
-3.126715 -4.520995 100.286921
-2.610520 -4.892731 100.551774
-2.968170 -5.042498 101.791874
-3.130773 -5.434110 103.731186
-3.302168 -5.577070 104.043898
-2.472685 -5.338965 105.532511
-2.302822 -3.808709 99.361025
-2.975326 -3.450143 99.821678
-2.661996 -4.370883 102.333629
-2.401053 -4.116380 104.085711
-3.021061 -2.309738 100.491106
-3.325905 -3.136277 100.930985
-2.751227 -2.470337 103.827324
-3.300295 -3.320245 104.270981
-2.393126 -2.814269 105.055129
-3.147334 -1.314518 74.188821
-2.908663 -2.171084 100.469956
-2.816018 -2.152470 100.679470
-3.127782 -1.821787 102.223877
-3.106135 -2.045133 103.793790
-3.017761 -2.055774 103.997721
-3.310220 -0.314918 74.002463
-2.913935 -0.891264 74.877757
-3.205632 0.970751 76.826780
-3.144546 1.051273 77.208016
-2.253364 -0.948832 101.311310
-3.017252 -0.698705 102.361872
-2.757905 -1.046555 103.306421
-2.301263 -0.404689 104.104357
-3.317437 1.754917 75.230432
-2.957595 1.408877 76.746166
-3.342868 1.281276 77.595518
-3.135549 2.249867 75.605818
-3.261221 2.540229 76.135496
-2.908633 3.340393 77.761492
-2.332922 3.289322 78.619658
-2.727384 3.514604 77.684215
-3.253487 3.807446 78.457385
-2.472548 4.193996 80.016148
-2.741100 4.610216 78.779314
-3.212853 4.623466 79.794614
-2.947432 4.964524 80.867047
-2.248987 5.515724 100.469862
-2.579414 5.427090 100.838789
-3.082122 5.647276 79.415845
-2.919843 6.347552 80.553173
-2.333971 5.789798 100.504845
-2.648135 5.640255 100.689557
-3.158949 6.772478 80.331680
-3.342515 7.629664 80.893415
-3.016802 7.337630 89.614247
-2.765118 7.476396 90.691175
-2.606883 7.504953 92.380563
-3.138982 7.823403 81.116832
-3.251966 8.367527 82.005455
-3.342275 8.839928 84.023975
-3.261299 8.914703 88.777825
-3.142686 8.674167 89.477726
-2.804121 7.919239 90.883551
-3.341988 7.854343 92.455352
-2.983843 9.181108 81.883114
-3.012477 9.330290 83.067540
-3.087334 9.784080 84.421383
-3.345619 9.754892 87.359432
-2.987640 8.955166 89.085938
-3.266063 9.081253 90.400723
-2.458168 10.632671 80.091099
-3.345978 10.615497 81.385386
-3.072048 10.329366 81.563626
-2.956651 10.082602 82.803843
-3.171977 10.096615 84.532505
-3.135050 10.624571 85.138866
-3.277393 10.527157 86.674115
-2.666389 11.189338 84.087224
-2.339418 11.182675 85.000620
-2.784790 11.269435 86.041638
-2.920000 12.192019 87.420898
-2.475606 12.433868 84.544394
-3.192325 12.346618 85.005871
-2.782496 12.510797 86.360436
-3.329320 12.348379 87.517907
-3.281745 14.404105 83.723822
-2.737297 13.793538 84.573869
-2.840235 13.550225 85.738718
-2.411452 14.231618 86.091293
-3.330923 13.497019 87.275056
-3.148856 14.228094 88.536596
-3.245129 14.047788 92.724273
-2.999393 15.530559 83.171503
-3.274470 14.701201 84.110653
-2.239404 14.710679 84.960244
-2.306978 14.611988 88.064451
-2.981965 15.184426 89.373759
-3.057596 15.528505 89.647832
-2.701002 15.293603 90.980052
-3.249790 14.952918 92.542817
-2.926655 15.071092 93.622264
-2.236673 15.233745 94.144538
-3.148459 15.649594 83.505896
-2.505922 16.015008 84.254585
-2.966571 15.994974 85.136952
-2.389533 16.706612 86.040163
-2.391960 16.457249 89.882069
-2.523963 15.736816 91.143321
-3.175791 15.823016 92.135008
-3.293023 17.067172 83.245568
-2.450790 16.859640 83.984943
-2.279395 16.854266 84.983732
-2.395904 17.125353 86.299788
-2.432732 16.905642 88.566490
-2.523324 16.859319 89.893812
-2.655171 18.741609 82.553020
-3.198330 18.184762 83.280792
-2.701089 18.836351 89.302800
-3.331709 18.022102 89.780320
-2.491711 18.150974 90.848606
-2.237203 19.565197 82.567374
-3.083688 19.116720 83.765455
-3.342039 19.495962 84.516852
-3.230375 19.167113 88.236817
-3.184578 19.377013 88.690547
-2.772335 19.052018 89.736810
-2.333363 19.180056 90.513767
-2.688027 20.154705 84.291259
-2.843972 20.272581 85.323125
-2.802261 20.493259 86.175223
-2.849090 20.635421 87.342122
-2.491546 20.277731 88.470218
-2.420319 21.247599 84.426940
-1.595342 -20.258469 89.009465
-2.185030 -20.659084 89.415870
-1.938283 -19.375906 83.490286
-1.868185 -19.111400 84.370015
-2.068196 -19.065279 85.601639
-2.113679 -19.383209 86.126474
-1.668084 -19.353717 87.157939
-1.623066 -19.613280 89.004370
-2.071398 -19.877179 89.783434
-2.024268 -19.240926 90.847997
-1.276855 -19.010055 91.676159
-2.149875 -19.170335 92.818372
-2.198022 -17.966193 79.879028
-1.990932 -17.924642 81.624756
-2.099769 -18.774226 82.684770
-2.159932 -18.446738 84.107555
-1.954369 -18.064080 85.026667
-2.041740 -18.679176 86.114461
-2.048645 -18.891231 87.465965
-1.551505 -18.075079 88.261630
-1.547267 -18.467835 89.383140
-1.527099 -18.013596 90.559864
-2.157028 -18.745213 92.087623
-1.117951 -18.494304 92.802758
-2.220592 -18.655299 94.137671
-1.456534 -17.090475 79.409521
-2.114730 -16.793753 81.013701
-2.135002 -17.558909 81.801852
-1.146590 -17.511013 82.981067
-1.625553 -17.759329 84.026944
-2.156159 -17.709739 84.936904
-1.482034 -17.661490 86.103362
-1.333394 -17.827420 87.874698
-1.204908 -17.834178 89.746380
-1.363947 -17.867797 93.939122
-1.858337 -17.811404 94.976705
-1.261492 -16.975262 96.090623
-2.206399 -16.476061 78.446545
-2.155965 -16.190833 79.620318
-1.634593 -16.723031 80.997766
-1.349458 -16.496669 82.129043
-1.841339 -16.502782 95.176701
-1.367865 -16.019359 96.081184
-1.534907 -14.876166 79.137040
-2.041444 -15.034326 79.413715
-1.136748 -15.501909 81.023708
-2.233925 -15.485727 96.645790
-2.133665 -13.972865 77.789148
-2.228678 -14.149212 78.282668
-1.529312 -14.277538 79.372716
-2.099737 -14.193993 97.131320
-2.073416 -14.193282 97.257034
-2.151141 -14.052548 102.454948
-1.753047 -13.242469 78.826509
-1.260774 -13.012840 96.914508
-1.585028 -13.037630 97.935484
-2.141673 -12.850372 98.533427
-2.023109 -13.368046 102.735830
-2.048155 -13.391992 103.005643
-1.847560 -11.883515 78.472615
-2.156658 -11.668952 98.270673
-2.128746 -11.945734 98.672884
-2.211040 -12.096724 99.601271
-1.997373 -10.671469 77.544656
-2.122706 -10.689003 78.315032
-1.935209 -11.018892 98.180546
-1.765797 -10.912481 98.983747
-1.990538 -11.128463 99.776774
-2.021917 -9.220734 75.195913
-1.930778 -9.429471 76.336757
-1.979884 -9.338781 77.264442
-1.498372 -10.030419 98.201670
-1.522484 -9.999184 99.179890
-1.492304 -9.149601 100.445663
-2.187737 -9.109696 101.136644
-2.218478 -8.894653 75.385438
-1.419641 -8.522211 76.256706
-1.466746 -8.689736 99.358289
-1.809832 -8.445135 99.707941
-2.060372 -7.918545 101.105523
-1.329167 -7.225123 98.251363
-1.781883 -7.763555 98.489269
-2.026303 -7.678352 100.312236
-2.082311 -7.619857 101.656728
-1.663436 -7.688745 102.723013
-1.860524 -7.292952 102.971754
-1.369854 -7.589873 104.637289
-2.110528 -6.407045 98.954694
-1.872031 -6.486566 100.103229
-2.096473 -6.291899 101.481167
-1.563309 -6.447954 101.774582
-2.180328 -5.738130 103.027715
-1.125625 -6.061276 104.853848
-2.008554 -5.647981 105.352075
-1.914202 -5.728385 106.574103
-1.932211 -5.193424 98.823701
-1.270845 -5.258590 99.944958
-1.309421 -4.978870 101.480942
-1.563693 -5.450125 102.097204
-1.333857 -5.249259 103.037028
-1.802287 -5.462532 103.982160
-1.679587 -5.442426 105.305995
-2.219208 -5.353113 106.817639
-1.965670 -3.994230 99.344738
-2.062390 -3.874419 99.767153
-1.434078 -4.413362 101.308764
-1.489264 -4.445071 102.907286
-1.725515 -4.303890 104.079034
-1.678014 -4.013335 105.059379
-1.171885 -2.377681 74.238178
-1.201450 -2.631444 75.035781
-1.703005 -2.640364 98.991472
-2.124186 -2.392056 99.944247
-1.682233 -3.252693 104.346457
-2.117288 -2.003102 74.699613
-1.946818 -1.711799 74.927558
-1.357200 -1.651093 99.239076
-1.742767 -1.323137 99.861185
-2.208846 -1.566801 101.130402
-2.196029 -1.189473 102.693851
-1.652540 -2.000716 104.138277
-1.938654 -2.156677 105.247636
-2.186284 0.682673 74.570481
-2.098838 -0.197675 74.972127
-2.008647 -0.083879 76.267745
-2.224062 0.880266 77.347374
-1.697463 -0.721387 100.156840
-2.007913 -0.985837 101.595335
-2.218931 0.092889 102.705642
-1.979704 -0.255495 102.996731
-1.776950 -0.732059 104.179712
-1.751828 1.176115 75.679391
-2.019898 1.455834 77.518187
-1.791390 1.855209 78.245838
-1.227557 1.494598 102.660327
-1.613971 1.424029 103.788312
-1.394079 2.097959 104.197447
-1.262692 1.409877 105.241086
-2.033679 2.735163 77.533443
-1.649227 2.487717 78.736903
-1.590962 3.349761 79.843741
-2.105025 3.558887 78.134573
-2.108209 3.436938 78.347007
-2.135340 3.516217 79.395518
-1.194400 4.073340 99.038231
-1.249026 4.395868 99.439790
-1.996276 4.848167 79.128265
-2.187629 4.587398 79.969981
-1.461178 5.010908 99.406029
-1.444068 4.920836 99.462596
-1.215823 6.589267 78.130756
-2.096812 6.090806 78.889525
-2.004036 6.600085 80.198971
-1.872554 5.743742 100.447607
-2.124326 6.138558 100.742596
-1.377874 6.774236 77.192474
-1.302208 6.840965 79.054942
-1.701759 7.033954 80.022950
-2.023202 7.471368 80.917723
-2.158849 7.627360 90.134965
-2.018378 7.321642 91.026249
-1.257374 7.693324 91.986111
-1.318992 8.642377 77.941314
-1.811516 7.947685 78.647813
-1.443365 7.978150 79.452038
-1.952703 8.070740 80.583780
-2.075188 8.458891 81.847659
-2.080136 7.828683 91.175026
-1.939058 8.010687 92.258659
-1.267267 9.207520 77.025728
-1.508128 9.533305 77.936591
-1.494839 9.426340 79.139909
-1.225696 9.393845 80.370844
-1.526016 9.316103 81.541107
-1.702560 9.073565 81.691814
-2.206288 9.147742 82.951108
-1.330024 10.320594 79.854163
-2.144557 10.141238 81.530441
-2.193224 10.257813 81.829424
-2.031581 10.445772 83.306055
-2.104725 10.738240 83.927632
-2.034110 10.993344 85.086910
-1.652348 11.395179 83.760778
-1.640637 11.332306 84.192355
-2.037900 11.262987 84.978518
-1.572322 11.685192 86.068368
-2.109943 12.370413 84.781130
-2.150879 12.551629 85.343023
-2.100740 12.750519 86.038021
-1.833105 14.278244 84.568886
-2.127322 13.420535 85.694643
-2.186962 13.783301 86.278144
-1.910417 13.480832 87.394578
-2.077132 14.527940 84.568130
-1.932196 15.074199 85.450795
-1.681846 14.886387 86.484208
-1.842792 14.565811 88.027304
-2.151026 14.821104 88.637051
-2.055058 15.092903 89.884955
-1.345824 15.516811 90.502471
-2.107208 15.396343 92.140918
-2.098751 14.963156 93.788118
-1.979726 15.051128 93.948128
-1.917551 15.895060 83.462423
-1.850102 16.721576 83.986224
-2.194144 16.059988 85.706035
-1.843713 16.082705 86.270261
-2.035957 15.854406 87.684411
-1.709387 16.025439 89.169270
-1.678737 16.025974 89.622054
-1.483373 15.664803 90.750236
-1.913498 17.144037 83.079441
-2.162085 16.856438 84.061973
-1.933276 16.812028 85.820946
-1.705547 17.004214 86.059603
-1.650824 16.820747 87.858177
-1.454626 16.984923 88.959255
-2.179227 17.396883 90.372721
-2.009373 18.416833 82.319011
-1.663832 18.373164 82.868633
-2.049896 18.027018 85.795599
-1.198536 18.476436 86.146541
-1.218610 18.220004 87.163444
-1.135778 18.443364 88.735101
-1.953628 17.982191 90.096563
-2.175591 18.076806 90.653011
-1.499204 19.342065 82.558889
-2.123634 19.674525 83.175812
-1.319137 19.385292 86.451398
-1.440379 19.085495 87.815863
-2.164334 19.796964 89.209622
-1.991438 19.936096 89.539358
-1.585514 20.481773 82.395947
-1.629643 20.404667 82.810981
-2.010926 20.654778 84.031397
-2.025052 21.041859 84.941707
-1.855251 21.212603 87.001613
-1.416031 21.123220 88.164547
-1.865991 21.172656 88.551328
-1.662794 20.284367 89.694314
-1.218323 21.571642 83.874105
-1.911245 21.332259 85.062584
-2.173953 21.395562 86.058588
-1.897152 21.285480 87.790181
-1.808003 21.402569 88.638513
-1.642685 22.715677 85.740333
-1.760046 22.693533 86.844331
-1.704165 22.597798 87.772789
-1.167126 22.469243 88.862924
-1.191648 22.530962 90.256508
-1.871013 23.893966 87.626584
-1.442574 24.124988 89.351177
-1.306249 23.519387 89.882167
-1.220607 24.779578 89.809453
-1.083338 -19.356628 89.765936
-0.913321 -18.081012 80.376789
-1.045404 -18.358970 82.974880
-1.095469 -18.248852 87.603961
-0.968948 -18.536870 88.581789
-0.916531 -18.273490 89.652735
-1.080712 -18.479870 90.842050
-0.958416 -18.056598 91.798880
-0.171789 -18.090749 92.885313
-0.920553 -17.714609 80.101664
-0.987349 -17.027162 80.838984
-0.991997 -17.849823 81.831763
-1.024972 -17.272254 83.192240
-0.973323 -17.556751 84.220179
-1.023937 -17.424464 85.114411
-0.227974 -17.141129 86.120404
-0.297625 -17.396395 87.185696
0.088024 -16.921040 88.311407
0.457084 -17.007481 89.592425
-0.541049 -17.672820 90.836539
-0.029558 -17.394773 92.382110
-0.199145 -16.777466 92.857583
-0.583629 -16.955178 93.941995
-1.025351 -15.972459 79.572657
-1.044260 -16.283414 80.903959
-1.004750 -16.567174 82.174731
-0.628039 -16.381851 83.596053
-0.404678 -16.396665 84.583854
-0.551909 -16.675429 85.449056
-0.618149 -16.636183 86.181886
0.370882 -16.710460 87.399105
0.659556 -16.356812 88.740028
0.313024 -16.565969 89.423104
0.754352 -16.546329 90.753671
0.666503 -16.631201 92.007273
-0.082145 -16.625458 92.970387
0.045627 -15.940576 93.965984
-0.770743 -15.873102 94.962230
-0.722849 -15.503495 79.890575
-0.841459 -15.337187 81.005108
-0.528021 -15.569630 82.215679
-0.294278 -15.567302 83.553118
0.711234 -15.443904 84.484266
0.988271 -15.587471 86.589354
0.935653 -15.298335 93.603154
0.756388 -15.613277 94.314367
0.155466 -15.405923 95.295404
-1.063184 -15.035761 96.346487
0.898009 -15.100306 109.278934
-1.027307 -14.466190 79.226874
-1.034330 -13.768974 79.446624
0.010681 -13.504809 80.543178
0.318125 -14.122444 81.600685
0.974582 -14.394717 93.714482
0.871116 -14.263949 94.709404
0.467644 -14.500011 95.608975
-0.901720 -14.154245 96.956312
-0.190805 -13.448464 97.622375
0.630217 -14.068403 106.975369
1.073230 -14.404721 108.137213
-0.559324 -13.788738 108.393487
-1.029723 -12.562143 78.994660
-0.567507 -13.228238 79.596086
0.446732 -13.057040 80.621215
0.665480 -13.294089 81.869158
-0.188049 -13.233199 95.928367
-1.014039 -13.227561 96.929340
-1.008211 -13.009263 97.933074
-1.073514 -12.384192 98.670749
0.692965 -12.394489 104.556274
0.782357 -13.260279 105.759307
-0.205307 -13.333555 107.502692
-0.513007 -11.852375 79.306359
-0.805134 -11.894701 79.417066
0.347135 -11.639486 80.460296
1.090072 -11.276355 81.583044
-0.182677 -12.273892 96.850134
-1.008866 -11.387817 98.162586
-1.095146 -11.995477 98.630865
0.936616 -11.505614 101.628547
-0.524086 -11.248740 101.914344
-0.365219 -11.635059 103.837038
-0.951335 -10.063974 77.916085
-0.886706 -10.436331 78.386688
-0.542753 -11.014540 79.983213
0.614047 -10.854686 80.832662
0.045389 -10.474771 97.078039
-1.082116 -11.165666 98.181608
-1.109433 -10.293111 99.306140
-1.080475 -10.367048 99.492501
-0.570198 -10.625596 100.630025
-0.957954 -11.080461 101.998482
-0.931024 -9.095970 75.577568
-0.526502 -9.093534 76.770799
-1.018625 -9.676989 78.054178
-0.287782 -9.616787 78.875767
0.272795 -9.917205 79.380090
0.984999 -9.650219 80.538834
-1.113557 -9.071580 98.045497
-0.904589 -9.427376 99.418745
-1.111145 -9.284936 99.682395
-0.859208 -9.988064 100.574928
-1.011568 -8.868783 75.367408
-0.254694 -8.282278 76.002529
-0.196974 -8.374571 77.304191
0.468464 -8.819287 78.717926
1.035187 -8.555645 79.973921
0.774176 -8.656702 97.185630
-0.363604 -8.354087 98.252493
-0.887293 -8.395256 99.032045
-0.600566 -8.771272 100.367899
-1.066319 -8.012348 101.162855
-0.045640 -7.454486 75.387580
0.160665 -7.356526 76.155095
0.591547 -7.720732 77.154517
-0.896295 -7.736488 98.272823
-0.777703 -7.802170 98.844029
-1.083812 -7.631989 99.881629
-0.812270 -7.645631 100.954509
-0.888413 -6.759727 101.934995
0.569895 -7.201918 104.237304
0.680382 -6.308881 75.579818
0.724690 -6.217218 76.013237
-0.929216 -6.654061 99.036159
-0.550861 -5.867956 99.486157
-0.776797 -6.500850 101.306931
-1.115543 -6.514673 101.830632
0.036412 -6.294922 103.401828
-0.201266 -6.363626 104.999655
-1.024503 -6.064890 105.088197
0.688419 -5.427578 75.175692
0.716765 -5.137662 76.022588
-0.981998 -5.568459 98.856752
-0.478168 -5.143339 100.182377
-0.987200 -5.224960 101.607392
-0.222105 -5.397877 101.880395
-0.422755 -5.365552 103.076345
-0.986641 -5.489099 104.734172
-1.008177 -5.501950 105.255885
-0.047809 -3.401472 74.484956
0.523488 -4.319220 74.911310
0.509959 -4.219849 76.351751
-0.934263 -4.378965 98.990507
-0.619375 -4.262135 100.369614
0.066483 -4.335675 100.891082
-0.423588 -4.450809 101.948977
-0.729636 -4.441539 102.858474
-1.012340 -3.885609 104.231093
-0.880898 -3.607556 105.275336
-0.087902 -3.266757 74.621447
-0.360343 -3.342395 74.855813
0.993464 -3.331131 76.758804
0.155692 -2.298660 98.109145
-0.946942 -2.964372 99.107001
0.339721 -3.216507 100.459309
0.422541 -3.190889 101.552545
0.352372 -3.339880 102.444950
0.574262 -3.084028 103.606454
-1.065689 -2.760715 104.540158
-0.382394 -2.734750 105.196843
-0.786059 -1.874013 74.224655
-0.802133 -2.187528 75.332390
-0.695615 -2.088115 76.009329
0.946991 -1.323828 77.803679
1.108122 -2.084668 78.674569
0.899817 -1.780354 98.230058
-0.333179 -1.972024 98.554668
-1.040559 -1.750835 99.457085
-0.967056 -1.460069 104.670450
-0.011220 -1.875889 105.020396
-1.083662 -1.025495 75.446524
-0.959203 -0.738798 76.051046
-0.966534 0.902079 77.509687
-1.063478 1.098964 78.510621
0.200780 -1.037366 98.301720
-1.060723 -0.719731 99.181045
-0.958335 -0.766590 99.438790
-0.573456 0.242662 101.119363
-0.800436 0.782622 103.873139
-0.768187 -1.023525 104.596609
0.822282 -0.788963 105.394477
1.024702 0.375362 106.581756
0.682855 2.107098 78.171838
-0.997343 1.158541 78.336002
0.971925 1.651793 97.104821
0.606408 1.763140 97.260390
0.866679 1.170656 98.373395
0.014961 1.184264 100.159518
-0.314950 1.159873 100.579788
-0.908787 1.657974 101.944089
-0.884878 2.126355 103.109367
-0.521050 1.184683 104.997442
0.147005 1.525951 105.220159
-0.966942 2.983514 78.892144
-0.679047 2.490857 79.361441
0.982696 3.337751 95.613259
0.848326 2.414353 96.482979
0.003398 3.247816 97.582417
0.614944 2.795905 98.562250
0.789559 2.611722 99.562191
-0.598185 2.261334 100.627563
-1.020362 2.284019 102.179153
-0.542438 2.583362 103.512580
-0.698691 2.263995 104.183947
0.888335 2.279058 105.570862
-0.600726 4.113299 78.040651
-0.555853 3.493037 78.748359
1.072332 4.411823 94.928451
0.767387 4.110335 95.608364
0.740358 4.222600 96.462988
-0.234911 4.016991 97.290288
0.164319 3.676561 98.342336
0.284852 3.358613 99.566898
-0.133979 3.458861 101.202777
-0.508000 3.577690 102.361514
-0.084055 3.471105 103.710279
0.382125 3.742374 104.891616
0.581027 3.799585 105.168809
1.091638 3.893823 106.196472
-0.378082 5.366845 77.577160
-0.993871 4.829115 78.963494
-1.003578 4.557037 79.357060
1.104668 5.324433 94.829562
1.090428 5.329516 95.068380
0.443291 4.549176 96.547889
-0.948051 5.154772 99.380839
0.641064 4.545380 99.588573
0.476084 5.189209 100.586497
0.138017 4.947909 101.692295
-0.018389 5.001606 103.615146
1.050724 4.952795 104.749288
0.822264 4.699322 105.371278
-0.660179 6.509569 76.845897
-1.024303 6.703053 77.977445
-0.864090 5.858381 78.644094
0.765394 6.594157 93.282633
1.092961 6.687222 93.853371
0.348995 6.535904 94.978538
-0.303603 5.675775 100.352572
-0.649883 5.734254 100.741090
0.559550 5.621242 101.828589
0.811886 6.647581 103.001109
-1.073917 6.834558 78.091435
-0.989951 7.722951 78.854107
-0.952505 7.683177 91.606270
-1.009076 7.526530 91.795507
-0.393638 7.748339 92.906367
0.158086 7.070186 93.885256
0.182356 6.887434 94.968337
-0.794162 7.288586 101.276751
-0.418886 7.072937 101.778986
0.839191 6.804931 103.267922
-0.669644 8.937562 76.831158
-0.960860 8.472512 77.886659
-1.073284 7.825196 78.580000
-0.724159 7.942885 93.292785
-0.007344 8.110644 101.070548
0.406886 7.945095 102.657251
0.689410 8.598065 102.915986
-0.953925 9.044031 76.797349
-0.956344 9.441489 77.975826
-0.914631 9.459105 79.046731
-1.017839 9.245474 80.609533
1.062747 8.979718 101.468527
0.777698 10.830986 100.022182
0.598379 10.398840 100.600565
-1.095954 11.231149 83.830311
1.054334 12.629152 96.361640
0.128077 14.474869 94.441099
1.037698 14.498793 95.056386
0.265078 14.140423 97.445855
-0.942546 14.625975 92.046306
-1.030919 15.593540 92.763650
-1.038838 15.188540 94.529839
0.081866 14.883455 95.205022
-0.980619 16.341672 83.168817
-1.017755 15.951919 85.867198
-0.990727 16.498091 89.910865
-1.030771 15.785034 90.872166
-0.867744 15.663481 91.939282
-0.032207 15.670141 93.265426
0.847502 15.926632 94.866995
1.107026 15.855111 95.635361
-1.058038 16.778635 83.648821
-1.056526 17.268445 83.961688
-0.017057 17.772020 85.145607
-1.082991 16.960938 86.472257
-1.099612 17.784224 88.217661
-1.006171 16.790921 90.163656
1.001326 16.766256 91.745553
0.181491 16.938011 92.989320
-0.689906 18.676689 82.469042
-1.007101 17.886642 83.159628
-0.570364 18.119582 84.890173
-0.999025 18.418662 85.114521
-0.833325 18.333196 86.089232
-1.053057 18.189194 87.190243
-0.848531 18.648529 88.557135
0.952994 18.676993 90.720335
1.047701 18.356826 92.560924
-0.936719 19.138035 81.958423
-0.269067 19.745614 82.714673
-0.811661 19.020173 86.183177
0.020655 19.049904 88.089172
-0.733112 19.603750 88.574473
-0.759980 19.902020 89.827301
0.153595 20.051221 90.626098
0.923875 19.520028 91.677589
-1.012261 20.202052 82.449208
-0.499571 21.217044 82.790592
-0.694258 20.492188 88.160210
-1.008449 20.517955 88.650819
-0.669592 20.239052 89.805609
-0.507629 21.225940 90.597794
0.880479 21.308847 82.013564
-0.599809 21.308672 82.886521
-0.869892 21.360449 83.827430
-0.678228 21.922026 85.647137
-0.728893 22.128562 86.369953
-1.107671 22.120055 87.626888
-0.674860 22.029048 88.346581
-0.803642 21.777993 89.775549
-0.362631 21.330365 91.054355
-0.027999 22.404468 83.605227
-0.253492 22.487815 84.776970
-0.648612 22.916785 85.360856
-0.052498 22.753229 86.071458
-0.898652 22.381944 87.241381
-0.843554 22.557412 88.456012
-0.786233 22.355838 90.405047
-0.531264 22.498516 90.569314
-0.025772 23.620169 85.192524
0.812564 23.470338 86.280218
-0.018439 23.636269 87.562889
-0.345337 23.537784 89.322746
-0.770733 24.560100 89.888088
0.899674 24.951923 86.905877
0.125152 24.596452 87.436673
-0.451087 24.651658 89.282483
-0.420516 24.853817 89.551792
-0.614186 25.792100 87.802145
2.217934 -15.641000 84.552686
1.309540 -16.120145 85.446371
1.253221 -15.914038 86.441903
1.438723 -15.804184 87.861360
1.454711 -16.446612 88.746133
1.238580 -16.473372 90.212649
1.854324 -15.742086 90.887262
1.602756 -15.919730 91.699623
1.395961 -15.707924 92.975837
1.926173 -14.743104 82.655466
1.173297 -15.010746 83.209049
1.395367 -15.221708 83.839357
1.181322 -15.359803 85.415296
1.398990 -15.608554 86.684232
1.404625 -15.565746 88.010941
1.853791 -15.556888 89.166502
2.123368 -15.609346 89.401449
1.340762 -15.593933 91.575223
1.466767 -15.476386 92.816636
1.397607 -14.544100 94.344826
1.358261 -14.830928 95.066373
1.472699 -14.087865 82.317053
1.609002 -14.108594 82.762339
1.286450 -13.788980 94.886190
1.751973 -13.886831 95.268991
1.513200 -12.934376 81.510643
1.154933 -12.473055 81.951083
2.162366 -13.282184 95.147389
1.165588 -12.733058 96.346997
1.457945 -11.430440 81.345812
1.282098 -11.326917 81.587440
1.921465 -11.960681 95.556750
1.155605 -11.905465 96.926764
1.342476 -11.438883 97.752919
2.102253 -12.213907 98.775355
2.106653 -12.110375 100.635726
1.863879 -12.219701 102.006201
1.667469 -10.236645 80.568046
1.513402 -10.866703 95.838951
1.212221 -11.003778 96.985976
1.183812 -10.078030 97.434910
2.153197 -11.076943 98.912222
1.335983 -9.725371 80.437176
1.193475 -10.001125 81.226486
2.207198 -9.220891 81.724189
1.185672 -9.895668 96.930136
1.253307 -9.180205 97.900820
1.978811 -9.924659 98.490045
1.379858 -8.198532 78.764670
1.326648 -8.537472 79.633926
1.880490 -8.680940 80.688428
2.186313 -8.105031 81.973273
1.468632 -8.014568 97.699074
1.399766 -6.985293 75.345492
1.453983 -6.930622 76.135301
1.535696 -7.495310 77.208422
1.437749 -7.633506 78.923789
2.118367 -7.754578 79.944842
1.820029 -7.700848 80.778220
1.282960 -7.819236 97.010642
1.855182 -7.651612 97.809969
2.223808 -7.764602 98.401318
1.373525 -7.459546 99.575410
1.238796 -6.140623 75.213379
1.421667 -5.970680 76.413946
1.710586 -6.145961 77.504101
1.826268 -6.521080 78.331420
2.021720 -6.679785 79.750301
1.828360 -6.553715 97.673831
1.387231 -6.646360 99.107905
1.264396 -5.895822 100.816351
1.903028 -5.578460 75.511028
1.120441 -5.131371 75.996133
1.906395 -5.102413 77.385265
1.925775 -5.508572 78.473034
2.112494 -4.558930 79.349192
1.921571 -5.300728 98.065304
1.389287 -5.474270 98.663083
2.020870 -4.132434 78.143014
1.723258 -3.376159 79.024672
2.134976 -4.025834 97.894840
1.150156 -4.383710 98.972128
1.229809 -3.169263 76.621997
1.146363 -3.077771 77.096743
1.644873 -3.178019 79.098717
1.932667 -2.571300 98.268631
1.530764 -2.868948 98.548648
1.137612 -3.283475 100.523474
1.553707 -2.983886 101.544648
1.527933 -2.940582 101.779574
1.196153 -3.100434 103.039822
1.505035 -2.604216 104.070960
1.921324 -1.983399 77.099689
1.407172 -2.091922 78.349605
1.725567 -2.230358 97.857943
1.333733 -1.894297 99.321463
1.603769 -2.230452 99.475228
1.981957 -1.832000 100.719509
2.086707 -1.984259 104.152352
1.239867 -1.877555 105.353156
1.699014 -1.070151 78.037209
2.068383 -1.038878 78.310622
1.524086 -0.194366 97.946351
1.803225 -0.971122 98.841118
2.218191 -1.030702 105.327053
1.772527 0.092449 106.284792
1.386828 1.342130 77.977964
1.292116 1.186615 78.228941
1.594994 1.940546 96.466732
1.361145 1.746274 97.325105
1.127057 1.185242 98.386068
2.153250 2.008668 99.488629
2.103207 2.101480 100.635508
1.578735 1.263597 106.096004
1.695094 2.117821 106.751400
1.815572 3.346073 94.789015
1.657244 3.345993 95.774647
1.671020 2.505066 96.365730
1.830485 2.386879 97.892793
1.490906 2.389211 98.711607
1.752533 2.576315 99.638432
1.826684 3.113349 101.496944
1.169521 2.858959 104.970673
1.198690 2.596872 105.927733
1.689063 3.232467 106.530881
1.707349 4.287484 94.655047
1.334595 3.824581 95.461084
1.159691 3.376982 96.753998
1.764922 3.372554 100.525974
1.828395 3.424651 101.141661
2.166027 3.829022 102.183759
1.565937 3.845003 105.882751
1.389292 3.518699 106.215170
1.124886 5.094712 94.846898
1.149052 5.189310 95.206388
1.169266 4.481521 101.186444
2.111782 5.063833 102.692431
1.969809 4.676678 102.892285
1.239044 4.930710 104.677651
1.826908 4.895760 106.122366
1.945188 4.482344 106.357625
1.537824 6.691976 93.583595
1.147778 6.214025 94.233282
2.230606 5.791493 102.731183
2.206801 5.592470 102.828559
1.584464 5.732963 104.446983
1.356381 5.644009 105.416116
1.415817 7.280498 93.304722
1.219775 6.988994 94.022053
1.399147 7.304493 102.219920
1.319822 7.126890 102.947753
2.154879 6.712233 103.973192
1.783872 6.921815 105.160290
1.989415 8.444667 93.776598
1.567464 7.902991 93.901545
1.794702 8.038499 102.463121
1.808793 8.260400 105.238212
1.762923 9.137274 101.396569
1.397848 9.174350 101.782539
1.979714 11.164876 99.412261
1.401902 10.414041 100.368319
1.166525 10.499610 101.083322
2.191822 11.781619 94.633846
1.860719 11.694746 95.593002
1.525303 12.155534 96.607246
1.881677 11.880538 97.396503
2.111520 12.125707 98.651028
2.232056 11.950419 99.496315
2.176530 11.662186 100.686584
2.010817 12.337403 94.912743
1.676191 13.259847 95.582573
1.325423 12.540016 96.264774
1.995275 12.555986 97.311661
2.198463 12.366404 98.693080
2.216896 12.823985 99.775477
2.005718 13.011162 100.767878
1.185276 14.413834 94.947077
1.689809 13.515854 95.014925
2.010945 13.423272 96.575723
1.964596 13.507762 99.208675
1.863895 13.408865 99.436438
1.595972 14.539067 94.480609
1.227149 15.328722 95.792346
1.688929 14.734655 96.159290
2.001178 16.652216 91.193715
1.619031 16.473138 92.174335
1.444547 16.085649 93.309361
1.306823 16.103214 94.186008
1.344224 15.744428 95.476947
1.790751 17.853795 85.495589
1.807551 17.641284 86.708896
2.084108 17.855174 87.192187
1.884318 16.912095 91.416058
1.569332 16.966420 92.466541
1.451281 17.328921 93.127465
1.825815 17.019719 93.953785
1.726255 16.898926 94.989952
1.383982 18.754433 83.530485
1.694454 18.070138 84.441477
1.939691 17.927404 85.551507
1.164768 18.059801 86.293272
1.177874 18.525918 87.146619
1.841568 18.150256 88.520317
1.335057 18.805512 89.429599
1.900099 18.642496 90.502973
1.365297 18.323106 92.531356
1.152644 18.366233 92.828090
1.646675 19.432235 82.713403
2.193359 19.065615 84.641732
1.497126 19.025891 89.061426
1.151639 19.476950 90.178983
1.476529 19.572759 91.494332
1.338474 19.704509 91.648204
1.222877 19.250574 92.940356
1.209255 21.027411 81.847534
2.007592 20.351567 82.790194
1.355356 20.428377 89.867003
1.293377 20.393501 90.815179
1.854211 21.959938 82.670320
1.792962 21.878600 82.908916
1.479243 22.250395 88.929376
1.351998 21.578169 90.328601
1.469246 21.624159 90.718896
1.309380 22.399373 82.803043
1.202344 23.197700 85.538074
1.161869 22.788733 86.667230
1.175760 22.665005 87.334345
1.565834 22.344892 88.515558
1.176914 22.487601 89.838030
1.871664 23.607956 83.623353
1.591795 23.719342 84.588475
1.738847 23.488808 85.412056
1.350126 23.635781 87.012048
2.133718 24.018142 88.145727
1.831135 23.875517 88.278639
1.806192 24.670182 84.952798
2.104270 24.643169 86.170525
1.444699 24.717206 87.838449
1.458619 24.699278 88.340799
3.007974 -16.778423 89.565018
2.485084 -16.761199 93.459579
2.512012 -17.515186 93.897294
2.809245 -15.910864 85.648191
2.358794 -15.660900 86.584007
2.526207 -15.971386 87.884387
2.901786 -16.269699 88.623351
2.395157 -16.726756 89.663981
3.107652 -15.883891 90.870117
2.405174 -15.904780 92.669932
2.552878 -16.544084 93.510776
2.852939 -15.398886 83.470778
2.325155 -15.599172 84.402706
2.239874 -15.106220 85.211592
2.394686 -15.396065 86.711134
2.424905 -15.629875 87.865225
3.165388 -15.587594 88.771987
2.884129 -15.424499 89.635396
2.925402 -15.596104 90.945638
2.669706 -15.620879 91.706530
2.403984 -14.935357 92.979626
2.910366 -13.946515 82.697307
2.647982 -14.508004 84.313374
2.451776 -14.118036 93.684312
2.641465 -14.386676 93.953443
2.558896 -13.577873 95.101025
2.645636 -12.303534 82.138821
2.311428 -13.355228 82.721129
3.083861 -13.363049 94.420700
2.310039 -13.382565 95.299869
3.253068 -12.371139 100.501581
2.728003 -12.325880 100.740585
3.034992 -13.087764 101.772789
2.321918 -11.997497 82.211534
2.846780 -12.192491 94.830921
2.573171 -12.176947 95.398098
2.306082 -12.200238 97.993504
2.425005 -12.016891 98.889250
2.762468 -11.685829 100.022523
2.452097 -12.074582 100.712971
2.540290 -10.694815 81.586100
2.543643 -11.010764 95.619782
2.387673 -10.259430 96.415423
2.243125 -10.474087 97.901520
2.513839 -10.101506 98.395580
3.030384 -10.403810 99.678225
2.337929 -9.069244 80.964112
2.498306 -9.521503 81.671314
2.923401 -9.511211 95.874085
2.468541 -9.749068 96.864029
2.790724 -9.804729 97.685326
3.036422 -9.730421 98.618033
2.630130 -8.034395 81.686829
2.746235 -8.846296 97.026235
2.275643 -8.827625 97.614538
2.574722 -6.748196 80.879064
2.760133 -7.372563 82.007769
2.816002 -7.608037 96.993934
2.384469 -7.482970 97.280915
2.378029 -5.759240 78.756836
2.469001 -5.797704 80.048742
2.984954 -6.329654 80.704715
2.982672 -6.563400 96.780604
2.239720 -6.688831 98.010528
2.262972 -6.556698 98.460869
2.435872 -5.388306 77.753690
2.355673 -4.476763 79.266432
2.358178 -4.618280 79.339831
2.782940 -5.324120 97.343176
2.482936 -3.634733 77.849713
2.722740 -4.121804 79.271013
2.574451 -4.160677 79.334435
2.314983 -4.306354 98.301656
2.610112 -4.286309 98.375855
2.260146 -3.000277 77.091791
2.439338 -2.895044 78.929153
3.336108 -3.276802 79.492911
3.347783 -3.189043 98.275263
2.935090 -3.037522 98.633101
2.242203 -2.662387 99.847771
2.537685 -2.485992 101.899376
2.286310 -2.704673 102.849979
2.729624 -1.626082 78.082931
2.778612 -2.207490 78.690673
2.584383 -1.909791 98.795386
2.252272 -1.768692 99.853715
2.886776 -1.743558 101.036146
2.866279 -1.832397 102.189038
2.719245 -1.991512 103.285087
2.580391 -2.145431 104.214836
2.408328 -1.339465 105.226930
2.258075 -0.928836 78.541067
2.434219 -0.853453 98.408256
2.703902 -1.071062 99.744554
3.135203 -0.736913 101.094363
3.223053 -0.722342 102.853166
3.301689 -0.778307 104.589822
3.055136 -0.654247 105.142557
3.224005 0.059111 106.225795
2.409966 1.247907 98.784679
2.854156 1.232188 99.808710
2.776850 1.917834 100.812906
2.544347 1.936409 106.004808
3.018225 1.362557 106.396006
3.078313 2.335838 100.311340
2.615662 2.345886 100.789328
3.185415 2.985560 101.835094
2.723793 2.525935 106.580014
2.985150 3.552581 101.360986
2.986490 3.480301 101.695317
2.256741 4.438342 103.226032
3.013712 3.566734 106.805758
2.353224 3.883868 107.317921
2.720943 4.503074 102.246798
2.505527 5.509564 103.269797
2.999085 4.725196 106.983578
2.756655 4.723092 107.294240
2.937078 6.640638 102.452325
2.753002 6.132897 102.920906
2.317704 6.613722 104.064277
2.337510 5.746833 105.963186
3.312846 5.679546 107.227231
2.691848 6.707794 102.343341
2.724406 6.804277 102.904485
2.592263 6.793186 104.081894
2.326276 7.703840 105.224600
2.978167 8.694610 101.501895
2.440394 7.975605 102.035997
2.928562 8.492851 103.839367
2.872383 8.130860 104.002822
2.261674 8.063876 105.081577
3.125928 8.071333 106.867276
2.960375 9.725513 94.098428
2.498158 9.315005 100.813583
3.129774 9.050646 102.140540
2.696472 9.173124 104.398505
2.576413 9.544232 105.518095
2.770608 11.140117 94.867992
2.602389 11.155545 95.043135
2.670807 11.039674 96.157951
2.240853 11.109840 99.604471
2.920859 10.169524 101.354529
3.307084 10.060593 102.314354
3.033473 11.173431 94.667677
3.004601 11.198487 95.193468
2.306444 12.122958 96.328363
2.249512 11.661034 97.704870
2.636798 12.010032 98.591385
2.635634 12.040031 99.596942
3.041147 12.121931 100.662706
3.186048 11.798112 102.021292
2.493362 13.095440 93.749471
2.346169 12.426393 94.697189
3.246465 12.695329 95.814135
2.372748 12.649337 96.110556
2.343428 12.539104 97.328996
2.603394 13.080119 98.929619
3.116124 12.743451 99.794957
3.304288 12.852297 100.726676
2.617198 13.178697 102.037435
3.172109 13.514888 94.287691
2.871139 13.492300 95.198922
2.623499 13.510473 96.538736
2.362576 13.767387 97.848882
2.566551 13.668187 98.550612
2.690586 13.407358 100.026115
2.719801 13.764033 101.192907
2.868979 13.996747 102.208151
3.016320 15.470149 93.593705
2.591086 14.560527 94.516860
2.618324 14.548581 99.896615
3.123980 15.146765 100.878065
3.148800 14.898273 101.679166
2.252634 16.635719 93.401514
2.267062 15.704668 94.271864
2.926065 16.597288 95.020550
3.135640 16.008038 100.068004
3.003983 17.170589 90.238140
2.391438 16.819330 91.261381
2.606821 17.100090 91.687195
2.422093 16.982787 93.569867
2.882102 16.823615 94.748265
2.739972 18.778071 84.364115
2.520402 18.308075 85.425872
2.579299 18.381001 86.717214
2.416388 18.186704 87.702396
2.332292 17.995158 88.644455
2.535964 17.910590 90.397145
2.292299 18.235487 90.891008
2.673894 18.131265 92.601108
2.661654 18.252404 92.762631
3.293849 18.235167 94.101202
2.427181 20.048133 82.676288
3.190327 19.425933 84.539895
3.034121 19.378256 85.844676
3.100226 19.571640 86.147509
2.568052 19.156011 88.108850
2.548404 19.214700 88.314360
2.265339 19.511244 89.932853
3.073375 19.713394 90.573092
2.331453 19.003416 92.238969
2.430448 19.540968 92.812714
2.799669 20.903374 82.067184
2.402880 20.302589 82.855401
3.057748 20.123227 86.309399
2.540422 20.486254 88.543892
2.630598 21.160593 90.304709
2.332815 20.252560 91.585230
3.344306 20.420323 92.385843
2.622581 21.280444 82.352385
3.313557 21.567333 83.261842
2.468057 21.962033 90.019031
2.770018 22.857533 82.439226
3.010861 22.390973 82.856122
2.366382 23.028116 86.259626
2.414979 23.262518 87.661455
2.632911 22.840893 89.197707
2.266987 22.408264 89.979294
2.592136 22.466779 90.650462
3.096986 23.482386 83.065861
2.373730 23.967653 84.574476
2.268141 23.709109 85.656701
2.842775 23.533636 86.929533
2.605921 23.724997 88.181939
2.464732 24.050954 89.176045
2.470919 23.881014 89.412350
3.270310 25.376748 85.912902
2.979547 24.665287 86.218776
3.723054 -17.460507 93.717676
3.595663 -17.364367 94.022764
3.546016 -16.746908 90.237780
3.582228 -16.231207 90.564551
4.292992 -15.709535 91.851415
3.406062 -15.707289 93.055586
4.143753 -15.274521 83.693413
3.755650 -15.180630 84.037233
3.713979 -15.214286 91.332728
4.367914 -15.337005 91.963906
3.652128 -15.635268 92.840736
4.160843 -15.015193 93.955041
3.713852 -13.463515 82.985425
4.139114 -14.507971 84.322117
3.630213 -14.451793 92.671730
4.361754 -14.376096 93.414810
3.750212 -14.127916 94.037873
4.341461 -13.496103 101.427981
3.499828 -12.393973 82.564889
3.774491 -13.153966 82.811019
4.312154 -13.395700 83.893762
3.618363 -12.768514 94.574549
4.397269 -13.139857 95.055106
4.418795 -12.322383 96.116700
3.945467 -12.547971 100.460593
4.105622 -13.217102 101.590859
3.762248 -11.994460 82.336749
3.534634 -12.252827 82.709174
4.465091 -12.052773 94.342461
3.397161 -11.686692 95.452964
3.443329 -11.853667 99.981213
3.600746 -11.968787 101.187922
3.667772 -10.725257 82.363687
3.638669 -10.912744 82.748830
4.342103 -10.991765 84.367966
3.957941 -10.601973 94.960853
4.088271 -10.772764 95.056226
3.786518 -9.405053 82.554640
4.060894 -8.980493 83.279102
4.417273 -9.639438 83.850469
4.373150 -9.921016 94.955813
4.337897 -9.660585 95.216623
3.404218 -9.943647 96.591994
3.589901 -7.985070 82.641717
3.553972 -7.949934 82.787117
4.381905 -8.339861 84.173013
3.849248 -8.775897 96.072583
3.822553 -7.936570 96.654109
3.819578 -7.224456 81.369451
3.834843 -7.105104 81.635362
3.793981 -7.659270 82.907613
3.581918 -7.799845 96.501412
3.609103 -6.140193 80.676775
3.757685 -6.601260 81.866336
4.306005 -6.268932 96.413452
3.497539 -6.202273 97.339651
3.440510 -5.102027 79.661406
4.362394 -5.574898 80.651004
3.634527 -5.111420 97.171975
4.193079 -5.479267 97.814471
3.780024 -3.418891 79.256280
3.666777 -4.401474 79.741132
4.411871 -4.256551 97.016421
4.090449 -4.354631 97.291486
4.171857 -3.451116 98.637012
3.359130 -3.317042 79.307505
3.823487 -3.191908 79.371146
3.908770 -3.281035 98.023666
4.212412 -2.790476 98.372781
3.473738 -2.474646 99.664006
3.693450 -1.682580 78.829304
3.552184 -2.188495 98.672032
3.971823 -1.240149 99.795400
3.483609 -1.184025 101.021296
3.738333 -1.562845 102.041873
3.613204 -1.286530 103.753144
4.141657 0.113213 99.251473
3.488876 -0.780199 99.564098
4.397142 -0.489147 100.871563
3.516453 -0.765860 102.631723
3.461998 -0.965325 103.780539
3.449824 -0.630686 104.826527
4.077279 0.016578 105.745346
4.076602 0.725086 106.209015
4.177746 1.155990 100.209833
4.415381 1.910438 100.716513
4.306508 1.631929 101.845175
4.013760 1.624799 106.889751
3.523250 2.689299 100.545136
4.367890 2.800198 101.006548
4.363712 2.411648 101.838350
3.741691 2.340747 106.762513
3.874748 2.679934 107.795337
4.429203 3.635701 100.998929
4.099080 3.723604 101.782880
3.840153 4.085501 107.103519
4.267046 3.424204 107.813076
4.043735 4.745811 101.641541
4.413477 4.777312 102.126659
4.338503 4.592273 108.061144
4.340475 6.001276 102.154397
4.421529 6.277477 103.258276
3.401283 5.702772 107.235873
3.455241 5.716327 107.321587
4.055584 6.196650 108.587332
4.316071 6.768717 102.377689
4.340912 6.956151 102.913594
4.433860 7.389483 103.905568
4.408259 7.556837 105.468776
3.879927 7.153321 107.205664
3.729479 6.931004 107.447938
3.689273 8.264390 101.706169
3.373811 7.850280 102.873443
3.550946 8.007051 104.547664
4.467274 7.877144 105.069898
3.977539 8.687957 106.526613
4.296280 8.425469 107.347334
3.538096 9.704511 94.185019
4.395957 10.037395 95.064037
3.416772 8.994144 102.070432
3.944934 8.962078 105.338698
3.570358 9.077464 106.532730
4.430336 10.699531 93.678716
3.882786 10.749910 94.686973
4.094999 10.484957 95.187578
4.458231 10.761357 96.105206
3.595588 10.941860 101.518709
3.375890 10.834125 101.683373
4.430498 10.360204 105.868465
3.667834 10.236140 106.900999
4.350506 11.849283 92.614170
4.279375 11.277569 93.702525
4.370042 11.187437 94.666348
4.273830 11.355129 95.000678
4.333668 11.186279 96.776251
3.910448 12.274366 97.358782
3.596045 12.205998 101.627760
4.009066 12.203112 101.783786
4.009936 12.213991 103.081844
4.048213 12.275785 104.254600
4.076050 11.423884 106.172565
4.255980 11.851331 108.007307
4.134974 13.173677 92.646217
4.305806 12.391244 93.529257
3.606490 12.496774 94.072335
3.982963 12.609600 95.257540
3.554828 12.346491 96.650176
4.087649 12.351531 97.366623
4.402377 12.794942 98.957504
3.949949 13.102134 99.461930
4.401409 13.108526 100.572259
4.145365 13.009734 101.700329
3.556020 12.570111 102.817680
4.112270 12.623865 106.558286
4.417601 14.452268 92.385651
4.006561 13.467772 93.800531
3.471203 13.535146 94.176272
4.065631 13.740470 95.265727
3.961537 14.508649 96.446146
4.100700 13.599014 97.277920
4.021036 13.775067 98.431046
4.319216 14.148815 101.373695
3.956291 14.215054 102.202244
4.394835 14.528723 92.437106
3.979854 14.688044 93.756600
4.002651 14.597749 94.048302
4.131089 14.573086 95.859962
4.020944 14.657355 96.815904
3.692391 14.601428 97.584755
4.274328 14.939923 98.863923
4.032153 15.183982 99.721430
4.309710 15.601358 100.953296
3.832700 15.088951 102.238132
4.273822 15.336771 102.832396
4.303498 15.204805 104.345889
3.655930 16.490259 92.700714
3.698084 16.458387 92.895794
4.249068 15.834373 94.158716
3.896817 15.860222 99.400309
3.794651 15.819446 99.626687
3.699610 16.717132 100.955025
4.173331 15.981349 101.832854
4.243644 16.417787 103.179677
3.898369 16.297440 103.916117
3.410520 17.296731 90.904363
3.776803 17.630407 92.222568
3.379868 16.776946 93.371497
3.558232 17.815893 94.127656
3.833357 16.947735 100.860322
3.714310 17.013252 101.792578
3.930165 17.136059 103.428738
3.957641 18.377900 87.915121
3.996130 18.863822 88.410366
3.432404 18.353506 89.823976
3.891522 18.393700 90.512522
3.564150 18.262435 91.712986
3.448293 18.754048 93.470567
4.432314 18.803544 93.943509
3.791218 17.967102 102.275729
4.059451 19.892866 84.738863
3.701401 19.512689 85.976674
3.459547 19.603860 86.132640
3.377482 19.361004 87.225320
3.412207 19.216333 88.268591
3.423687 19.358009 89.695042
3.800226 19.950358 91.456831
3.546046 19.167320 92.721439
4.023552 19.148681 92.796501
4.291155 19.051717 93.852752
4.026646 20.314578 82.873901
3.525363 20.350544 83.838415
4.047348 20.327901 87.072225
3.716677 20.387323 87.512332
3.557673 20.394439 89.124205
3.451448 20.384916 89.471484
3.558519 20.117027 91.556723
3.655560 20.235327 91.699653
4.072869 20.625218 93.261847
4.420332 22.140656 82.630116
3.518903 21.933681 83.300941
4.224645 21.508989 84.276602
3.748364 21.938850 89.264660
3.675341 21.726785 89.566925
4.285587 21.278127 93.982713
3.769572 22.965299 82.324908
3.869991 22.729467 82.968638
4.262105 23.394482 83.798420
3.397778 23.427603 86.397184
3.905788 23.211180 88.007999
3.434017 23.026073 89.045787
3.453860 22.951389 89.408834
4.325019 23.589618 83.787928
3.517283 24.524566 84.876129
3.629436 24.431791 85.800798
3.453129 23.646229 86.768585
4.237610 23.841721 87.414381
4.424430 23.681790 88.585699
3.738182 24.947280 83.606807
3.426852 24.853334 86.164491
3.816519 24.851246 87.359240
3.457462 25.988722 86.772678
3.944607 25.785608 87.233287
4.817061 -15.759646 91.574859
4.889417 -15.770209 91.697222
4.469839 -15.958242 93.356666
4.502888 -14.640456 83.557703
4.634952 -15.573767 91.587639
4.629785 -15.564802 91.965480
4.972589 -15.182891 92.747542
4.896888 -15.345019 94.262976
4.499428 -14.269314 83.618933
5.168737 -13.989606 84.013687
5.454775 -14.206117 93.040736
4.643192 -13.938696 94.010623
5.531248 -13.790501 95.179475
5.491254 -12.822016 83.688797
4.597644 -13.181465 83.886050
5.462880 -13.126824 93.818306
5.526678 -13.177890 94.182597
4.607592 -12.874757 95.063830
5.558822 -12.307190 96.662813
4.785237 -12.049713 83.183345
5.217849 -11.335869 83.935298
4.819291 -11.925165 94.940605
5.148114 -12.025774 94.973527
5.484767 -12.113662 96.443606
4.718004 -11.015625 83.432983
5.213636 -10.305424 83.893953
5.435641 -10.245234 94.412087
5.278165 -10.633053 95.070712
4.962861 -9.781693 83.383873
4.602268 -9.577753 83.814558
5.463242 -9.217019 94.208508
4.484404 -9.963331 95.243681
4.720293 -8.287018 83.521855
4.685731 -8.357588 83.871197
5.292363 -8.149018 85.073965
5.550911 -8.921446 94.560906
5.142928 -8.641488 95.768383
5.303069 -8.689280 96.464535
4.972849 -7.589886 82.606816
4.507481 -7.484467 83.081287
5.062103 -7.705751 83.790583
5.544639 -7.213557 96.237417
4.718975 -6.403060 81.476621
4.676945 -6.260094 81.852842
5.373691 -6.072854 96.090860
5.135615 -6.239148 97.317396
5.544898 -5.047493 80.383489
4.528618 -5.322443 80.793833
5.284052 -5.293345 95.849930
5.490527 -5.271018 96.202504
5.256824 -5.139486 97.314761
4.471914 -4.360363 79.983383
5.330160 -4.218530 80.747049
4.588917 -4.447039 97.396109
5.183215 -3.727847 98.451182
5.126339 -3.261499 80.058833
4.758740 -2.454741 98.293847
4.504900 -3.240926 98.975411
4.891782 -2.020349 98.877106
5.256215 -2.181984 99.465320
4.941847 -0.648697 99.297547
4.658320 -0.831110 99.759013
5.544292 0.402007 100.627820
4.491332 -0.164434 102.549526
4.525524 1.071502 102.926839
4.633453 -0.557901 104.423972
4.945245 0.801641 105.118217
4.612728 1.193775 100.280123
5.490989 1.517537 100.564591
4.975610 1.521000 101.702445
5.320597 1.750286 102.924661
5.168665 1.317429 104.278105
5.434324 1.782105 105.144987
5.069824 1.386759 106.408207
5.543739 2.294551 100.265124
5.231348 2.520435 100.565027
5.091108 2.311367 101.893912
5.435096 2.564323 102.989519
5.575716 2.388863 104.171206
5.534232 2.358537 106.043540
5.270255 2.453602 106.563641
4.566630 2.382655 107.270964
5.185684 3.490366 101.013941
5.114604 3.603001 101.961781
5.482233 3.635339 102.868023
5.344718 3.859199 104.052619
4.538187 3.355962 107.523366
4.734327 4.492213 101.579626
4.798040 4.692438 101.820179
5.079329 4.893185 103.014061
5.537544 4.830063 104.046701
5.307884 5.300687 105.155598
4.547286 4.620506 107.817788
5.159605 4.902251 108.487158
4.661661 5.708361 102.291877
5.094713 5.731316 103.879155
5.334658 5.895768 104.902321
5.466122 6.278513 105.771042
4.589673 5.777991 108.236115
5.465523 6.140883 108.892107
4.660338 6.741376 102.699552
5.174187 6.835749 103.639635
5.088464 6.732718 104.389564
5.567012 7.043075 105.319001
5.167191 7.021117 106.503144
5.220429 6.717675 108.170579
5.214114 6.955870 108.369651
4.535429 8.553247 104.165810
5.010290 8.022127 105.230610
4.790903 8.199676 107.210239
5.399074 8.709263 108.261278
4.708606 9.997036 94.525806
5.212466 9.851170 95.207721
4.935814 9.076865 105.947148
4.683306 9.123636 106.285465
4.958918 9.449579 107.865041
5.512054 9.995171 109.200383
5.421024 9.875911 110.370497
4.785155 10.763577 93.758645
4.808618 10.670403 94.361878
4.696937 10.443486 95.133421
5.255571 10.761843 96.567264
4.952894 11.167384 103.801370
5.313636 10.257998 104.985923
5.277424 10.373166 105.680415
4.702146 10.058750 107.017819
4.747355 11.150858 107.765711
4.988591 10.399064 108.654705
5.364156 10.375465 109.617467
5.122301 11.351929 92.708967
4.866042 11.172076 93.721163
4.618610 11.230934 96.403173
5.341822 11.805645 97.388680
4.792503 11.647528 102.753836
4.919083 12.050484 102.810531
4.849404 11.414630 104.145329
5.187105 12.079486 105.633290
4.715336 11.299533 106.347426
5.076641 11.449602 107.461313
5.463700 11.176059 109.050542
5.397446 11.422478 109.768846
4.795512 12.607474 92.219090
4.624379 13.373653 93.884180
5.572519 12.934838 95.296513
5.024424 12.694867 96.161142
4.802976 13.021413 97.209528
5.237960 12.556858 98.737221
5.140545 13.391090 99.686454
5.466783 12.618799 101.467238
4.836018 13.298186 101.727464
4.642785 13.372787 103.219854
4.871874 12.381496 104.321288
4.900720 12.858080 105.818133
4.626201 12.837527 106.539134
5.370991 12.529358 110.171748
4.469718 14.386652 92.313493
4.964619 14.265966 93.706444
4.701625 13.512538 94.062291
4.837308 14.484287 95.135130
5.113842 13.884129 96.235593
4.908518 13.444217 97.934747
5.044042 13.731098 98.626270
4.670962 13.759968 99.907411
4.469820 13.557018 101.195750
5.387318 14.339636 102.354166
4.526901 14.161005 102.956038
5.003764 13.913997 104.707064
5.278100 14.875588 91.436642
4.773059 15.421702 92.145839
5.146658 14.924276 93.616111
4.699542 14.667204 94.180157
4.497173 14.904680 95.291110
4.573193 14.580537 96.126807
4.879309 14.629483 99.008070
4.920683 15.194501 99.621538
5.167983 14.629404 103.657230
4.639464 15.587204 103.985130
4.779114 15.713259 92.431990
4.542308 16.199393 93.706394
4.533789 16.163330 93.902240
5.000979 15.714037 99.514922
4.729454 16.007097 100.576247
4.474891 15.885168 102.428727
4.791184 16.092403 102.795187
5.364654 17.715884 88.662975
4.926053 17.850441 91.288591
4.672119 16.980104 92.041958
5.046086 16.880695 93.810346
4.488924 17.748413 94.049955
5.302250 17.200213 101.166237
4.563755 17.008568 102.287002
4.853680 17.376520 103.071599
5.381547 18.730024 88.216629
4.586492 18.879074 89.235717
5.009390 18.219979 89.469350
5.032830 18.796932 90.581146
5.171045 18.139759 91.688455
4.545617 18.865832 93.743333
4.684486 17.974736 94.034428
4.975319 18.574054 94.990307
4.790395 18.086606 103.244682
4.890204 20.047799 85.570104
4.481441 20.011154 87.029384
4.730210 19.417946 88.114108
4.556994 19.453119 89.198708
4.882079 19.042704 89.776769
5.076476 19.052775 91.127259
4.528555 19.223064 92.433770
4.769329 19.508738 93.341492
4.723853 20.017198 94.093145
4.478252 20.985066 84.132135
4.959123 20.966527 85.125432
4.856405 20.375108 86.708149
4.654436 20.483277 87.637776
4.685127 20.929683 88.585150
4.796353 20.434780 92.668534
5.465248 20.167385 93.488409
4.499464 21.014546 94.165176
4.869739 22.281689 83.653794
5.000719 21.676881 84.793574
5.035896 21.634960 85.043600
5.084339 21.647927 86.107956
4.894466 21.522825 87.533598
4.505742 21.970424 88.394250
4.675253 22.698212 83.284445
5.263082 22.468985 84.101321
5.438298 23.013194 85.144683
5.355487 22.493016 86.980805
4.567296 22.832668 87.734524
4.738552 22.887438 88.301626
4.687057 24.157537 83.412795
4.547014 23.496240 84.095461
4.500548 23.789378 85.841883
4.610519 23.964271 86.555925
4.729201 23.461946 88.092491
4.925065 25.020110 82.539684
4.801862 25.381439 82.888836
5.133444 24.774110 88.189128
5.221082 26.302601 86.881023
4.492066 26.570362 87.592734
5.590133 -15.323178 92.292903
5.891243 -14.717257 92.869636
5.993457 -13.456851 83.573143
5.673490 -14.396565 93.675934
6.698291 -13.564336 93.850786
5.664924 -13.909047 94.968270
5.698843 -13.340863 83.694517
5.719187 -13.180412 84.494697
6.578360 -12.646553 85.160289
5.833140 -13.401858 94.332494
6.169334 -12.404723 95.284730
5.807350 -11.991906 83.713242
6.061322 -12.199237 84.011252
6.659550 -11.391882 85.449262
6.627704 -11.495676 93.315952
5.771020 -12.216205 94.830007
6.418043 -11.247084 95.115132
5.624656 -11.983914 96.324451
5.738847 -10.429054 83.366706
5.836487 -10.630014 84.114612
6.667389 -10.954081 85.354672
6.363449 -10.812623 86.724125
6.533837 -10.365208 92.585027
6.647912 -10.940946 93.102306
6.642321 -10.228669 93.976152
5.629344 -10.379800 95.244177
6.411520 -10.334047 96.080176
5.684747 -9.480753 84.557645
6.366238 -9.765930 84.971589
6.569807 -9.368997 91.102651
6.615951 -9.246717 91.971695
6.501911 -9.751586 92.808382
6.431070 -9.551463 93.877043
6.592954 -9.550053 95.023075
6.487869 -9.601581 96.293417
6.034995 -8.894543 85.246060
6.253320 -8.002638 86.241357
6.451789 -7.866681 87.451605
6.661426 -8.551096 92.433540
6.391106 -8.873221 93.371370
5.745315 -8.745938 94.372878
5.967455 -8.835972 95.358670
6.376253 -8.578904 96.191400
5.961356 -7.604172 83.527113
5.657107 -7.485664 83.856822
5.967717 -7.792451 85.287849
6.629864 -7.567912 86.295068
6.666871 -7.379737 87.895422
6.593262 -7.510132 90.438389
6.565454 -7.642017 90.788543
6.649158 -7.538556 91.722969
6.612371 -6.846207 92.969632
6.554546 -6.769223 95.095185
6.093481 -6.733667 96.285220
5.638517 -5.697512 81.510066
5.624793 -6.582270 82.617869
6.217339 -6.342225 82.832751
6.406095 -6.569831 83.965937
6.388143 -5.961342 94.048106
5.948721 -5.790631 95.192000
6.299295 -6.322687 96.225885
5.793225 -4.565306 80.349984
5.676232 -4.776108 80.471671
5.691427 -5.565221 81.649774
6.501309 -5.301399 94.582359
6.694122 -5.350832 95.014217
6.695360 -5.569376 96.197588
5.787647 -5.133189 97.569231
5.759279 -4.135375 80.900374
6.483011 -4.406731 97.439502
6.334421 -3.503041 98.435605
6.674320 -3.161223 98.146930
6.691496 -3.316605 98.862173
6.681069 -2.156848 98.357991
5.963773 -1.257938 99.720756
6.324590 -1.021187 99.365618
6.239409 -0.943705 99.671791
6.059282 0.548802 100.863142
5.661425 1.042079 102.515790
5.727863 0.904220 104.825639
5.904867 1.108352 105.080621
6.378904 1.266674 100.028262
6.138509 1.133465 100.949231
5.606589 1.513418 102.795729
6.031365 2.046891 103.938231
5.596547 1.375534 105.305358
5.816009 2.425891 100.266074
5.734811 2.534204 100.978095
6.191802 2.775841 102.046860
5.676093 2.396303 102.883963
5.634956 2.481146 104.472695
5.840934 2.271841 105.299101
5.822014 2.355865 106.170477
5.812110 2.605458 107.616151
5.609015 3.816307 102.090296
5.764400 3.499325 102.828434
5.837175 3.624403 103.962704
6.435746 3.995588 105.468113
6.323012 3.421160 107.021527
6.431892 3.452924 107.259907
6.299655 4.121065 108.459826
5.705726 4.800372 102.703603
5.729887 4.497235 102.935936
5.629262 4.652329 104.011404
6.082179 4.616780 105.253140
5.724498 5.182105 108.251701
5.919202 5.320716 109.176476
5.809858 5.709902 104.795044
5.904005 6.159139 105.238669
6.074938 5.821411 108.367974
6.186649 5.692601 108.861616
6.070047 7.333615 104.838608
5.775426 6.825551 105.172451
6.430713 6.777104 106.178574
6.462355 6.902603 109.073540
6.130431 8.037319 104.979514
6.024729 7.845145 105.452057
5.906639 8.502074 106.175232
5.780850 8.442275 108.321206
5.598545 8.298138 108.382878
6.665283 8.471461 110.030998
5.619776 9.645642 93.661425
5.654193 9.978083 94.450812
5.890342 9.936677 94.991318
6.612557 9.891778 104.249863
5.749338 9.146070 105.838472
6.104848 10.022462 108.085463
6.138707 9.414083 108.471614
6.068594 9.162529 109.678709
5.825321 11.109296 92.664503
5.998343 10.913348 93.354245
5.905187 10.602237 93.847350
5.803539 10.897610 95.019792
6.315244 10.854343 96.403105
6.176579 11.134235 97.198432
6.097337 10.808388 103.367729
5.870891 10.310287 104.901824
5.596389 10.089502 106.017757
5.809870 10.781529 106.198376
5.778829 10.356709 107.294796
5.754008 10.395455 108.520774
5.978405 10.309393 109.560476
5.793222 11.719823 91.879743
5.838796 11.238637 93.459896
6.449282 11.348201 94.019405
6.521514 11.707329 95.224904
5.775187 11.294296 97.065740
6.146699 11.250660 97.223977
6.120427 11.666711 98.527463
5.798988 12.009645 102.582764
5.797185 11.347714 103.094555
5.667486 11.701670 104.748923
5.702451 12.165584 105.110166
6.033684 11.290440 106.275739
6.063684 12.154641 107.447210
5.642147 11.230793 108.870537
5.742616 11.444472 109.958457
6.553898 12.154321 110.906054
6.444000 12.464603 91.288275
6.382430 12.427715 92.920938
5.763201 12.844382 94.547305
5.697147 12.575163 95.111232
5.862074 12.743568 96.358983
5.851704 12.707432 97.315567
6.485065 12.848668 99.153804
5.688904 13.179315 99.525076
6.162820 13.326960 100.851890
6.497918 12.678612 102.398622
6.493095 12.331842 103.881017
5.780907 12.560813 104.045222
5.767487 12.763311 105.107787
6.673334 12.603474 106.429427
6.368922 12.408631 107.512995
5.859081 12.545586 110.139411
6.692117 12.332050 110.727689
5.959716 13.488328 91.514874
6.009385 13.508390 91.625329
5.948399 13.599092 92.787016
5.625573 13.928706 94.565691
5.760143 13.648128 94.996933
5.722001 13.494374 97.760426
5.989717 14.313007 98.622182
5.686793 13.708285 99.602250
6.036774 13.588362 100.777712
6.123406 14.061273 101.836429
5.801750 13.410011 103.632681
6.517418 13.451983 104.606548
6.504867 15.064541 90.477964
6.466014 15.552354 90.634682
6.163009 14.871581 92.675506
5.597436 14.586302 93.193292
6.099914 14.940990 99.098043
6.481039 14.644650 103.407753
5.849919 15.913378 91.511611
5.837366 16.130927 91.785372
5.703221 16.471542 93.564169
5.823267 16.247906 100.301789
5.894836 16.554415 100.579061
5.997415 16.744830 102.283995
6.386466 16.261992 103.117740
5.675213 15.739730 104.023070
6.428399 17.674632 89.333980
6.040092 17.725815 90.279316
5.590169 17.039989 91.048199
5.664876 17.710011 93.698911
5.592301 17.733104 94.059904
5.646066 16.963860 100.796108
5.853734 17.157265 102.397538
6.098065 17.189712 103.043946
5.944575 18.698129 88.094091
5.799025 18.659332 89.184024
5.876748 18.809728 89.636364
6.203934 18.826790 90.655466
5.993868 18.459900 93.738644
5.926964 18.524091 93.855880
6.462480 19.180415 87.925583
5.707327 19.716862 88.638723
5.737974 19.998986 89.513599
5.846157 19.816973 91.541222
5.709975 19.758061 92.587391
5.586687 20.032926 93.283163
6.222837 19.609081 94.116762
5.704157 21.171239 88.161722
6.279290 20.346338 88.860523
6.511491 20.328686 90.360804
6.196472 20.268362 90.707130
5.641020 20.120777 93.528252
5.682747 21.545387 84.844261
5.803413 22.283952 85.556785
5.603596 21.644430 86.743121
6.201569 22.015752 87.316992
5.745453 21.492056 88.750440
5.694870 22.907752 83.271335
6.345625 22.536566 84.125900
5.882135 22.372578 85.987978
6.284650 22.355409 86.362724
6.296038 22.554130 87.467555
6.336397 22.635524 88.644767
6.051488 24.182751 83.492589
5.996309 24.202210 86.862849
5.690198 24.238336 87.282787
5.603662 24.837149 82.585335
6.218917 25.275890 82.851566
6.278798 25.143913 88.148214
6.185114 25.302883 88.306478
6.662888 25.421289 89.425015
6.185871 25.778354 82.749553
5.782055 26.287171 87.877581
6.026749 25.899244 88.649513
6.623340 25.718112 89.468033
6.927018 -14.698881 93.496024
6.991293 -13.561879 92.626550
7.629268 -13.422646 93.012802
6.743074 -13.434432 93.847925
6.993624 -12.470312 84.243174
7.496321 -12.322294 85.748649
7.430945 -12.315118 86.271706
7.818551 -12.344375 87.399673
7.380600 -12.330085 90.069273
7.547067 -12.512948 91.213634
7.281762 -13.020997 91.891526
7.527080 -13.149274 93.080739
7.044268 -12.502136 94.061601
7.038288 -12.510261 94.973410
7.036530 -12.126552 84.428445
6.885018 -11.197695 85.257545
7.113629 -11.973665 86.841307
6.876382 -11.277410 87.830336
7.629541 -11.858086 88.870400
7.659579 -11.280713 90.327328
7.274015 -11.348086 90.496269
7.148771 -11.618162 91.682303
7.101591 -11.259317 92.860407
7.136906 -12.124194 94.244014
6.918826 -11.987011 94.975962
6.872685 -11.450675 96.793159
6.897329 -10.826003 85.002093
6.889750 -10.719257 86.327777
7.526968 -10.526752 87.851140
7.634528 -10.104331 88.982057
7.574967 -11.062250 90.002076
7.106135 -10.387059 91.182664
7.779579 -10.763554 91.704610
7.128025 -10.664727 92.788193
7.628397 -10.141210 94.016425
7.133105 -10.706648 94.983235
7.335727 -11.067664 96.627021
6.784137 -9.765803 84.898184
7.102185 -9.144751 85.569501
7.427750 -9.643433 86.066970
7.401423 -9.909584 87.202944
7.549304 -9.829498 88.332526
7.489553 -9.769803 89.414554
7.572954 -9.572447 91.390496
7.730329 -9.229694 91.851077
7.526041 -9.459876 92.899197
6.791285 -10.038417 94.109311
7.136868 -8.952937 95.123256
6.813933 -9.880443 96.089757
7.194596 -8.870206 85.452508
6.707208 -8.547079 86.503032
7.383846 -8.843687 87.539649
7.339365 -8.089683 88.476991
7.011572 -7.889924 89.904549
7.310425 -8.742544 90.564761
7.405929 -8.138536 91.617226
6.974018 -7.949011 92.797827
7.309005 -7.864650 94.659388
7.606677 -8.290557 95.529361
7.170826 -6.945368 83.711664
6.731283 -7.273785 85.149190
6.710015 -7.715717 86.517782
6.803930 -7.726736 87.458475
6.912565 -7.309721 89.375578
7.297933 -7.644505 89.903564
7.378109 -7.195598 90.548896
6.743125 -6.824471 91.634120
6.731058 -6.902293 92.853050
6.886182 -7.010935 93.972733
7.743856 -7.581890 94.967760
7.085343 -7.665889 96.107246
6.944712 -6.079296 82.249685
6.805555 -5.865285 82.901787
6.763061 -6.699113 84.000887
7.323786 -6.681300 85.327926
7.340494 -6.676966 86.429220
7.157840 -6.690283 90.351640
7.564796 -6.572368 91.601642
7.763416 -6.360890 91.746289
7.576112 -6.321248 92.797885
7.190386 -5.763455 93.970396
7.239805 -5.676873 95.163857
7.241849 -6.009772 96.121510
6.732380 -5.157501 81.551186
7.550790 -5.558858 82.401599
7.110131 -5.404536 82.908203
6.703789 -5.421752 94.837593
7.590777 -4.831868 95.521617
6.929293 -5.285735 96.124944
7.380476 -4.079427 96.303390
7.208737 -4.095531 97.580516
6.846386 -2.810683 97.213875
7.609949 -3.103071 99.086590
6.980126 -2.160827 98.098480
6.827811 -2.051369 98.594763
7.135500 -1.683700 99.791534
6.712825 -1.435244 101.102294
7.627216 -0.887384 99.099411
7.579832 -1.097120 99.950148
7.011215 3.226135 105.364949
6.949923 3.308832 106.925811
6.812531 3.110476 107.380897
6.912336 4.051797 102.716261
7.713268 4.051209 104.948126
6.801657 3.922669 105.735644
6.706344 3.841531 106.503162
7.353189 3.798760 107.387045
6.706581 4.599002 104.808269
7.482219 4.673346 105.704120
7.388727 4.643948 108.278937
7.026589 4.703757 108.655326
7.749107 6.461392 104.845943
7.406133 5.968664 105.435569
7.111393 5.708200 109.063552
6.852547 6.976221 105.506172
6.703444 7.447295 106.176996
7.542297 7.256121 109.183778
7.219587 7.599648 110.274809
7.659066 7.974669 104.373955
6.931600 7.858013 105.408418
6.705945 8.903669 108.173626
6.973766 7.926863 109.162859
7.141489 7.892040 110.300978
7.288278 9.534304 103.504179
7.198108 8.976887 104.909164
7.734028 9.140568 109.329626
7.226664 10.944643 93.206631
6.709779 11.045814 94.703476
6.708484 10.983492 95.041289
6.711681 10.865963 96.704393
6.731159 10.310355 103.608644
7.040785 10.151681 104.986015
6.727330 10.963787 105.318444
6.758513 10.660116 107.027028
6.751083 11.013620 107.275328
6.905769 10.198012 108.894571
7.276758 10.876420 109.564424
6.814946 12.245840 91.188961
6.762277 12.267191 92.455924
7.033553 11.400872 93.689961
7.116328 11.217358 94.035831
6.806292 11.174645 95.281696
7.045999 11.335571 96.223504
7.435837 11.452460 97.753811
7.707891 12.174424 103.356364
7.541693 12.211824 104.632790
7.591487 12.105301 105.129926
6.863876 12.238409 106.371561
7.351217 11.363073 107.284773
7.791685 11.564780 109.392363
7.026901 11.394159 110.389453
7.785041 11.587547 110.675313
6.706211 12.361056 91.143071
6.948187 12.662064 91.666896
7.550734 12.295470 96.625005
7.174590 13.372881 98.060384
7.511156 13.226700 98.381076
7.626474 12.977265 101.391784
6.987536 13.196870 101.818175
7.128862 12.665434 103.577766
6.857014 12.402206 104.959779
7.043279 12.326498 105.157221
6.769143 12.740620 106.408225
7.721216 13.154137 108.051916
7.797684 12.854865 108.438960
7.687352 12.508083 109.620013
7.357542 13.492851 91.071363
7.132876 14.081648 92.314986
7.227708 13.413091 97.615410
7.797823 13.756395 98.358922
7.587171 14.211436 99.500030
7.417910 14.511155 100.988765
7.119870 13.639982 101.670302
7.736945 14.325392 102.918336
7.438251 13.680952 103.961970
7.750860 13.612685 108.015857
7.225668 14.954965 90.302978
6.759169 15.371731 90.767752
7.459790 14.956842 91.814451
7.091590 14.776489 98.609235
7.306057 15.184757 99.456712
7.418000 14.580274 100.822960
7.706173 14.697898 101.806628
7.282849 15.233660 102.785188
6.986653 15.159620 103.983943
7.454409 15.793987 89.952675
6.921942 16.426878 90.793968
6.718008 15.696537 92.706519
6.939060 16.624053 93.036917
7.798556 15.796305 100.192005
7.716946 15.649388 101.325263
6.865611 16.309601 102.066350
6.753482 15.763130 102.821862
7.311192 15.713958 104.288850
7.003760 17.802740 88.114875
7.604177 17.720116 89.361604
6.725382 17.564012 90.303804
7.655431 17.857021 91.125072
7.492442 17.796274 92.290632
7.022073 16.867706 93.157529
7.193942 17.272956 101.510119
7.695834 18.863273 86.756915
6.724643 18.017420 87.623140
6.952312 18.429456 89.136964
6.725751 18.412651 90.238659
6.793569 18.781296 90.711227
6.914973 18.543055 91.947259
6.835224 18.660501 93.085104
7.561496 19.242748 86.760764
6.703577 18.997408 88.098350
7.385450 19.378582 89.361425
6.750824 19.536412 90.644869
6.893274 19.058453 91.762159
6.754468 19.609775 92.927535
6.971752 21.192683 87.475047
6.774332 20.515401 88.682803
7.074567 21.145099 90.272119
7.200984 21.225945 91.189796
7.798865 22.001721 83.626226
6.818007 22.336020 84.865519
6.790628 22.117899 84.961073
6.723046 22.314220 86.559367
6.801868 22.065029 88.011354
7.051515 21.897477 88.354637
6.967823 21.397861 90.324411
7.091872 23.169749 82.834355
7.633226 22.575469 83.970285
6.757748 22.483932 85.006834
6.739530 22.353793 86.492698
7.138231 23.244216 87.380402
6.733186 22.346835 88.490072
7.124433 24.536600 82.632288
6.708509 23.473483 83.367895
7.729557 23.850679 83.954514
7.124036 24.147716 87.806497
7.112570 24.271085 88.297284
7.497690 24.411192 89.550195
6.704090 24.833300 82.423622
7.201384 24.622410 83.110806
6.812997 24.899674 88.800311
7.445432 24.619845 89.960838
7.363413 25.825863 82.152745
8.018075 -13.563885 93.554855
8.119669 -13.435995 94.001274
8.058717 -12.396197 87.416273
8.130770 -12.483696 88.901307
7.904763 -12.707278 91.154273
8.074049 -12.938543 91.923291
8.252438 -13.006739 92.846180
8.045900 -13.324395 93.948307
7.921225 -12.203507 87.283032
8.109015 -12.082685 88.906884
8.294582 -11.920578 89.415990
8.525281 -11.219332 92.267724
7.882684 -12.130709 93.067788
7.884291 -12.211122 94.297726
8.029066 -10.117571 88.102515
7.915218 -10.058580 89.085654
8.027580 -11.079480 90.142590
8.230311 -10.575947 91.434273
8.011333 -11.163017 91.610508
7.892905 -10.533448 93.740127
8.244678 -10.676674 93.880761
8.449577 -10.693752 95.214432
7.838792 -10.412761 96.924729
7.871664 -9.974111 88.038738
7.937904 -9.350117 88.542935
8.019634 -9.416697 89.384444
8.262921 -9.009604 90.657362
8.458265 -9.655091 92.174791
8.020886 -9.439163 92.967013
8.164783 -9.958172 93.883512
7.848224 -8.517314 87.562403
8.013743 -8.881451 88.659940
7.941322 -8.041149 89.694657
7.999735 -8.849289 90.513005
8.163139 -7.544966 87.037233
7.836511 -7.199816 87.732242
7.849679 -6.771948 89.016548
7.975889 -7.734886 89.779749
8.117024 -7.055903 91.496989
8.402684 -6.736974 91.865110
7.864096 -7.516583 93.400520
7.829521 -7.787528 94.728275
8.133673 -6.407383 85.205510
8.108227 -6.543286 86.370602
8.446717 -6.684532 87.632733
8.258605 -6.692712 89.149367
8.168247 -6.602101 90.171049
7.821349 -6.480182 91.467279
7.868555 -6.634647 91.930326
7.976937 -6.332965 92.882134
8.819459 -6.088983 94.315985
8.015239 -5.431403 94.466971
8.925547 -5.562354 95.684566
7.947423 -4.793400 96.138001
8.537085 -4.438090 96.483812
8.885643 -4.281480 97.855060
8.924952 -4.371605 98.624594
8.816356 -3.571261 100.078757
7.931700 -3.035800 97.946527
7.947731 -2.372043 98.675254
8.545833 -2.361297 99.724176
8.373911 -2.093719 98.832353
8.856839 -2.104831 99.447570
7.908077 3.251610 105.384035
8.063458 3.558950 104.926542
7.883388 3.995998 105.115268
8.340426 4.262373 106.213443
7.880060 4.228660 108.195257
8.126950 5.539460 104.810906
7.898340 5.221922 105.181549
8.911048 4.799668 106.622390
8.184832 4.481852 107.958462
8.935594 5.016455 108.442661
7.943577 6.486092 104.783005
7.985525 5.634135 105.083608
8.783051 5.752921 109.093707
8.430725 6.528768 109.611744
7.941070 7.047601 104.405853
8.474282 7.604856 109.416170
8.482303 7.742881 109.679023
7.917148 8.457404 103.646429
7.827621 7.981409 104.624793
8.337639 7.983056 109.258378
8.546735 7.932612 109.492531
8.376155 8.951681 103.845356
8.389690 9.084860 104.152055
7.964087 9.207293 109.028516
8.754224 9.071807 110.168448
7.828900 11.016280 94.565411
8.880819 10.142169 103.830615
7.903550 10.155643 104.365577
8.068364 10.913985 105.022114
8.031164 10.935940 108.192163
8.214584 10.213780 108.559592
8.907132 11.132942 109.518981
8.709049 12.007108 92.142011
8.755689 12.050993 92.738895
7.950245 11.252778 93.914455
8.044421 11.222126 94.964520
7.896963 12.261141 96.675400
7.894434 12.244614 102.767405
7.891282 11.848996 103.383364
8.320177 11.655149 104.244619
8.216535 11.931667 105.323715
8.347177 12.248377 107.046149
7.933432 11.983398 107.700590
8.410726 11.801144 108.499888
8.207218 12.167160 109.596297
8.138054 11.876998 110.664387
8.526600 12.394589 91.523879
7.963437 12.515235 91.911823
7.823683 12.550498 96.769266
8.222401 12.750729 97.881717
7.867924 13.180797 98.329639
7.984488 13.354536 102.327325
8.522730 12.536045 103.127009
8.027416 13.187451 104.268497
8.165619 12.586598 105.853693
8.899854 12.384533 106.770643
8.178381 12.464509 107.364553
7.857157 12.547558 108.458930
7.957919 12.412288 109.557950
7.974694 14.411930 91.274616
7.941041 13.528864 91.672672
8.393309 13.770398 98.120817
7.927492 14.403296 99.027849
8.281533 14.431736 101.633987
7.836055 14.265064 101.965201
8.380531 13.539661 103.462606
7.984725 13.614480 103.970450
8.423224 13.492018 107.881537
8.656602 15.540241 90.472453
8.070120 14.523974 91.417172
8.336517 14.571579 98.979566
7.871778 15.280879 99.986448
7.966301 15.179698 101.378591
8.004857 14.934359 101.700666
7.836215 15.423391 103.223189
8.550290 14.920438 103.911262
8.500669 15.564934 105.162805
7.865868 16.551599 90.212640
7.830984 15.874228 90.537386
8.181774 16.267421 91.639259
8.038660 15.724320 99.945545
7.931925 15.975483 101.192644
8.249596 15.831553 101.720299
8.151960 15.771363 103.185367
8.147424 15.727916 104.478472
8.887035 16.631861 105.129504
8.499198 17.265845 90.382463
8.114198 16.917618 91.184326
7.994314 16.818224 101.272843
8.730958 17.311285 101.754785
8.487882 16.900123 103.880367
8.795202 16.783381 104.089094
8.612490 16.868240 105.027979
8.077976 18.586292 87.036564
7.860807 18.227493 88.146994
8.008707 18.328522 89.257950
7.921231 18.747186 89.549147
8.093035 17.888061 91.395584
8.071463 18.029860 91.738276
7.872414 19.397328 86.898774
8.067266 20.070434 87.661611
7.828712 19.885371 89.041505
8.006106 19.068667 89.613070
7.928162 19.456746 90.821120
8.387154 20.149905 87.885393
7.914826 20.570610 88.656479
8.304600 20.909550 90.392749
8.467017 20.980423 90.709097
7.960773 22.275477 83.783910
7.864763 22.041812 84.046064
8.407841 21.769446 85.020707
8.199707 22.270440 86.102097
7.895145 22.193698 87.884012
8.234268 21.763571 88.383967
8.055753 21.307517 90.130760
8.362072 21.306318 90.534292
8.218324 23.067577 83.735484
7.970666 22.348484 84.454449
8.301012 22.498909 84.966757
7.966434 22.637228 86.519790
8.422498 22.974530 87.549097
8.320863 22.568897 89.004650
8.276133 22.488346 89.532340
8.937491 22.367364 90.536038
8.757551 23.199069 91.639463
7.902370 23.754593 83.319489
8.200329 23.637149 83.794534
7.992034 23.476560 88.586157
8.319922 23.960928 90.192236
7.928278 23.863800 90.713552
7.967768 25.470131 82.649017
7.960691 25.122070 83.188806
8.881932 25.837946 82.292517
8.891661 26.820225 82.288296
9.031759 -9.329215 90.048847
9.393933 -5.811645 95.214405
9.529159 -6.526886 96.435827
9.523217 -5.464566 95.204009
9.132606 -5.182625 96.434777
9.841368 -5.092310 97.452157
9.733833 -4.516545 98.327223
8.985940 -4.233450 97.569955
9.586502 -4.113946 98.693047
9.845952 -4.143193 99.942313
9.427704 -2.883429 98.158853
9.241730 -3.139886 98.831115
9.272426 -3.253227 99.464829
9.019482 -1.767585 99.407150
9.225333 -2.163891 100.076108
9.154582 5.139270 105.496061
9.083137 4.696236 106.438870
9.572294 4.813749 107.510300
9.349991 4.853306 108.377185
8.970447 6.103594 104.657281
9.737407 6.002670 105.675155
9.472897 6.021808 106.174013
9.884263 5.810264 108.084005
9.045139 5.817021 109.231515
9.972302 7.428755 105.003027
9.189219 6.925279 105.238908
9.983251 6.715082 109.067014
9.245214 8.122411 104.356752
9.664952 8.288387 109.244367
10.000650 7.876567 109.728351
9.034828 9.477085 104.211489
9.625234 9.823543 109.134368
8.961774 9.060531 109.852118
9.032700 11.065208 103.888714
9.874246 10.306688 103.903286
9.204561 10.612542 108.474488
9.362526 11.137149 109.499637
9.960767 12.129641 92.551626
8.962416 11.605872 92.840493
9.036194 11.368644 94.062423
9.071382 11.552442 95.086965
9.253679 12.135709 96.346320
9.627617 11.191758 103.888504
9.016956 11.182106 104.464353
9.257171 11.555207 105.112155
9.755989 12.274359 107.168938
9.076444 11.889662 108.207830
9.032229 12.097629 108.371183
9.153123 12.927922 91.010174
9.893862 12.407650 91.764779
9.931356 12.311109 93.578381
9.320943 12.577695 96.944208
9.502236 12.752720 97.249584
9.686299 12.314268 103.867053
9.380512 12.851096 104.072485
9.579765 12.701718 106.306529
9.773230 12.558122 107.367896
9.979170 13.003403 108.491542
9.452994 13.704808 90.307094
9.489415 13.667556 91.121633
9.160859 13.585717 98.028660
9.284983 14.435527 98.709285
9.088915 14.522726 99.460013
9.241716 13.588046 103.319443
8.945920 14.472672 104.029728
9.949475 15.277080 89.253196
9.428721 14.821895 90.186063
9.017673 14.941962 90.846336
9.825203 14.699330 98.310101
9.232279 14.888531 99.342399
9.058600 15.034371 99.540142
9.877319 15.119218 102.288656
8.956154 14.756922 103.476908
9.111492 14.562001 104.981351
9.713603 16.198588 88.189535
9.225261 16.056410 89.228600
9.380548 16.156265 89.739409
9.963681 16.016336 99.321936
9.825955 16.253910 100.228755
9.112396 16.144418 100.872132
9.167538 16.640594 101.807738
8.995653 16.011695 102.812750
9.127066 16.233688 103.978310
9.071573 15.646180 105.092304
9.790281 16.764832 88.738464
9.273938 16.998608 89.749421
8.977519 16.877772 101.649645
9.052674 16.804414 102.059588
9.173775 17.139244 103.163606
9.187068 16.759532 104.914194
9.337989 17.159657 105.077606
9.645381 18.667988 89.169471
9.456605 18.127984 90.002193
9.503111 18.961589 90.535078
9.011711 19.304528 87.060644
9.064575 19.473229 87.356496
9.158816 19.463485 88.599547
9.549780 19.051009 90.410389
9.396112 19.214805 90.629512
9.358574 20.185304 88.310701
9.235620 20.378581 90.191789
9.341709 20.640759 90.526247
9.016252 22.177084 83.763211
9.170743 22.203710 84.111204
9.099592 22.338710 85.814387
9.602755 22.189800 86.044306
9.394462 21.385892 88.257246
8.944318 22.075396 88.515524
9.132363 22.011521 89.416339
10.043031 21.269224 92.097333
9.664368 22.576117 83.726648
8.948635 22.768005 83.962656
8.984839 22.607089 85.400224
9.603008 22.620484 86.237341
9.519314 23.197069 87.757872
9.607499 22.641929 90.308878
9.181304 22.650968 90.931939
8.957772 22.927397 91.677359
9.127883 23.971575 83.562711
9.768351 23.487411 84.488896
9.040074 25.677597 82.085631
9.246185 25.105176 82.758730
9.818951 24.616357 83.826831
9.948701 25.916727 81.935449
9.909660 26.328635 83.628684
9.936416 25.964217 83.831553
9.795036 27.709024 82.609932
10.031075 27.649700 83.515517
10.136834 -5.783522 96.183534
10.211315 -4.925359 96.916768
10.321305 -5.039787 97.274998
10.302483 -4.607453 98.431741
10.369388 -3.979047 97.995053
10.110252 -4.076070 99.040663
10.256846 5.412993 107.726624
10.631727 6.648156 105.606733
10.820874 6.017494 106.742344
10.424846 5.756787 107.521860
10.653490 6.100978 108.384799
10.271698 7.350225 104.612174
10.319557 6.755866 105.738332
10.943315 7.239679 106.175441
11.097782 7.172882 108.334966
10.974685 7.182398 108.422748
10.156571 7.814837 109.521649
10.153000 8.641119 104.476948
10.680378 7.899168 105.192409
10.792900 8.490447 109.478975
10.064514 8.063301 109.665187
10.224714 9.268876 104.243736
10.058021 10.047328 109.182420
10.429373 9.099478 109.593590
10.493517 10.438661 103.697695
10.312405 10.548021 104.028953
10.106450 10.326827 108.982684
10.366631 10.113750 110.347767
10.325149 11.728617 92.397536
10.181758 12.212615 92.982678
10.090440 12.160947 94.335207
10.315842 11.822698 95.385807
10.392618 12.003505 96.134752
10.157383 11.767519 103.898132
10.349536 11.187001 104.072947
10.279315 11.826448 105.618359
10.457618 12.146365 107.954842
11.117374 12.038610 109.024829
10.750840 11.474120 109.698667
10.976541 13.316790 91.339734
11.070580 12.811645 91.756606
10.091965 12.354254 93.277066
10.335699 12.480193 93.963203
10.264785 12.484211 96.814157
10.855611 12.877219 97.625936
10.289456 13.127688 103.810777
10.393614 13.102573 104.049333
10.523613 12.350645 106.630532
10.594849 12.781049 107.707122
10.158128 12.778541 109.095001
10.744345 12.910085 110.297562
10.077649 13.831813 90.360707
10.577752 13.755842 90.827242
11.164592 13.512941 92.872945
10.907830 13.591709 97.987162
10.091498 13.910035 98.728141
10.284937 13.461871 103.707109
10.290936 13.641841 104.309904
10.688988 13.735687 108.432701
10.797765 13.555061 109.619410
10.587033 15.306077 89.134581
10.293016 14.712424 90.441229
10.352923 14.603893 90.803726
10.293049 15.030598 99.116775
10.117231 15.129558 99.734260
11.024479 15.527534 102.822480
10.443299 14.857798 103.903670
10.695318 15.043210 109.217567
10.615559 15.740922 89.231776
10.839265 15.750166 90.432626
10.910995 15.713952 90.504984
10.993388 16.080153 99.414889
10.999246 16.310863 99.623723
10.098299 16.229250 100.661411
10.741541 16.658240 101.844144
10.909851 15.993092 102.933960
10.374210 16.117983 104.590002
11.056945 16.657086 107.483050
10.122705 16.796539 88.923998
10.645704 17.119717 90.051841
10.966163 16.795166 90.974471
10.161323 16.864597 101.208590
10.711670 16.785941 101.680563
10.141223 17.019430 102.858893
10.475164 16.988414 104.579441
11.099464 18.355634 88.036640
10.304627 18.021373 89.359085
10.553396 17.966174 89.573023
10.066544 18.111259 90.647082
10.075214 20.006334 89.159040
10.165941 19.003709 90.441432
10.083810 19.050186 90.902625
10.785710 19.340333 91.680521
10.682348 21.178476 84.266673
11.134318 21.147438 87.241757
10.107879 20.183859 89.116716
10.361601 21.006189 89.486551
10.116117 20.752057 90.627491
10.339556 21.220782 91.728988
10.552205 22.039615 84.537041
10.066179 22.208062 85.742339
10.257956 21.969655 86.237167
11.039475 22.161391 87.366237
10.127006 22.216958 89.002885
10.101890 21.725877 89.678366
10.371527 21.265850 91.473306
10.714228 22.935962 83.509225
10.416723 22.632054 84.432985
10.107808 22.570958 85.649724
10.104290 22.594519 86.807972
10.064319 22.611107 87.742408
10.640706 24.490850 82.660515
10.562472 23.572557 83.737278
10.145193 24.195047 84.703882
10.385448 24.790551 82.670407
10.459756 24.973408 82.826231
10.243576 25.604354 83.853942
10.297756 26.027519 82.590554
10.472798 25.730038 83.591882
10.143146 26.077206 83.892686
10.532311 26.902024 83.670724
11.188557 -4.908019 98.461812
11.314411 -4.369399 98.502284
11.328477 6.583445 106.926748
12.076818 6.517915 107.488019
11.178811 7.210834 105.790217
11.258289 6.728122 106.887511
11.856110 6.732578 107.658504
11.458625 6.879048 108.518526
11.210702 8.399196 105.477418
11.468226 7.961834 106.227393
11.878235 8.178259 107.656867
11.852173 7.822077 108.513857
11.754414 8.930553 109.663538
11.331624 9.938806 104.599805
11.604461 9.038078 105.392777
12.005982 9.267139 106.575415
12.142494 9.929222 108.981289
11.885759 8.978522 109.921196
12.139975 10.707767 105.257177
12.206404 10.293396 106.474548
12.199704 10.855218 107.459343
11.517793 10.829579 108.498693
11.802382 10.157021 109.493252
11.452595 12.184738 93.448515
11.543681 12.211570 94.594631
11.486367 12.060811 95.088001
11.542268 11.916968 96.298095
11.182454 11.276504 104.724860
11.703310 12.099658 105.057139
11.176654 11.825441 106.201341
11.204605 12.160771 107.389407
11.688736 11.409644 108.545139
11.600852 13.343530 90.528556
11.210385 12.710776 91.776878
11.404313 13.052375 92.916341
11.438779 12.841851 94.516502
11.300566 12.469069 95.013463
11.478063 12.397691 96.102477
11.247984 12.818581 97.589027
11.508763 13.361140 98.732236
11.470654 13.177073 104.529469
11.500465 13.091798 105.039339
11.210187 12.572367 107.240488
11.878527 12.432503 107.284355
11.645326 14.432463 89.260175
11.222669 14.200758 90.258771
11.405699 14.102307 90.874093
11.627400 13.866499 91.896234
11.977856 13.763651 93.053880
11.896404 13.569663 97.000340
11.693942 13.417309 97.971365
11.713021 13.665390 98.405370
12.007283 14.024655 99.504387
11.242142 13.979761 104.354383
11.851102 14.342014 105.269401
12.203352 13.511207 106.147677
11.489013 13.757732 107.605975
11.180005 13.693199 108.876706
11.204668 14.485858 109.686417
11.452074 14.887816 89.240692
11.453964 14.695125 90.221603
11.369174 14.644821 90.761956
11.780752 14.843678 98.948602
11.598727 14.528521 99.720923
11.617689 15.011090 100.692989
12.246660 15.464845 101.952824
12.114675 15.518889 103.528427
11.227938 15.592262 104.137330
11.953094 15.440474 105.019519
12.014392 15.162952 106.269607
11.939440 15.039982 107.542783
11.486841 14.807535 108.426547
11.493792 14.697495 109.823066
11.594128 16.215887 89.193284
11.237840 16.317481 90.101168
11.207172 16.609585 90.787771
11.749838 15.869935 99.550026
11.526370 15.719585 101.352634
12.221138 15.714204 102.281689
11.479533 16.078661 102.992006
12.152703 16.584443 104.153807
11.769831 16.551571 105.525132
11.772866 16.039797 106.772590
11.445892 16.411142 107.433119
11.285644 17.081764 88.172883
11.313567 17.541974 88.905688
11.172573 16.993660 101.040477
11.363772 17.135206 102.348073
12.216761 17.059056 103.871238
12.279904 17.427075 103.971803
11.825775 16.925581 106.067826
11.819329 17.034213 106.374260
12.115839 18.249294 88.237202
11.527620 18.139907 88.533609
11.932109 17.899398 103.844309
12.130983 19.763838 86.965625
12.016982 19.883694 87.293148
11.243368 19.172815 88.791692
11.386912 19.190437 89.473248
11.990572 20.464956 84.522184
11.482313 21.163775 85.263319
11.871965 20.642399 86.369833
11.419421 20.879907 87.213242
11.429703 20.860351 89.232509
11.864742 22.003474 84.524405
11.262851 21.390064 85.358082
11.432074 22.065073 86.805042
11.637470 21.573721 87.664074
11.333255 21.895123 88.640691
11.199312 22.793141 83.724691
11.386358 22.730566 83.995256
11.700434 22.824530 85.305083
11.302182 22.380578 87.018163
11.401244 24.312387 82.957558
11.183438 23.797293 84.785136
11.616307 24.850225 82.377059
11.172581 24.758729 83.418284
11.193213 25.274399 84.249761
11.508096 25.724390 82.388413
11.297941 26.734625 83.646640
11.513796 26.150010 84.241180
11.217040 26.855183 83.838520
12.428364 7.577336 107.900031
12.509685 8.380101 107.044436
12.637677 8.394522 108.231322
12.457703 8.594684 108.407182
12.450558 9.900384 105.827630
12.374598 9.986624 106.361645
12.600928 10.051839 107.588994
12.672132 9.600222 108.695378
12.605144 9.409747 109.553485
12.469514 11.107228 106.048302
12.460640 10.957138 106.706019
12.289570 10.888135 107.519033
12.754569 10.110504 108.493289
12.535440 12.215967 94.970532
12.470011 12.102639 96.144896
12.765095 12.124360 105.165388
12.479535 11.253047 106.232689
12.450542 12.442919 94.752510
12.464691 12.388900 95.891882
12.497306 13.189703 96.454721
12.340115 13.248918 97.504871
12.318834 13.272375 99.061542
12.577400 13.253517 104.928277
12.409513 13.335480 105.456620
12.335153 12.890918 106.557909
12.677987 14.242784 91.414181
13.320779 13.696105 95.661580
13.157025 13.419066 96.849248
12.368863 13.457710 97.571190
12.338777 14.017263 98.638949
13.352988 14.498413 99.592923
12.778989 14.391858 100.549228
12.508497 14.473854 104.273319
12.594487 14.400126 105.824930
12.351522 13.578400 106.178431
12.396672 14.825122 90.318917
12.806704 14.999281 91.389476
12.829139 14.541803 91.617763
12.380422 14.689310 98.693300
12.873338 15.182514 99.695419
12.421975 14.661151 100.615214
12.405076 14.979092 102.132488
12.294359 15.313103 103.380532
13.210903 15.606323 103.906099
13.089055 15.250247 105.179941
12.353931 15.155266 106.459571
12.345178 16.225559 88.734743
12.526963 15.685081 89.861421
12.606687 15.717400 100.008207
13.075970 15.940028 101.142744
12.659262 15.958963 101.782691
12.713325 16.667508 103.678655
12.403499 16.179188 104.207168
12.759616 17.518701 88.141806
12.511307 16.775262 89.009063
12.377415 17.140913 101.294094
12.674531 16.888854 101.819838
12.327331 17.301782 102.897090
12.372049 17.602738 103.986952
12.440685 18.561967 87.057229
12.871148 18.800665 87.767076
12.664925 18.259107 88.422525
13.200376 19.979314 85.295413
12.361855 19.877906 86.779631
12.593346 19.164722 87.854608
12.778093 19.648970 88.450592
12.480779 20.533559 85.817433
12.388858 20.619271 86.577328
12.371589 20.287922 87.856746
13.151584 22.284089 85.248073
12.295334 21.533823 87.584249
12.302543 21.442811 88.310155
12.411634 23.457013 84.427659
12.982207 23.017241 85.745751
12.902901 23.939972 83.745049
12.595625 23.786844 84.501787
13.119669 23.733644 85.422926
13.073960 25.356449 82.269814
12.464161 24.954861 83.341837
12.537857 24.726869 84.201144
12.812189 25.800817 82.795817
13.830518 10.042557 106.491007
13.970078 9.251970 107.634055
13.658937 9.865531 108.583978
14.356030 9.849411 109.495461
13.498266 11.090501 105.868739
13.496679 10.431379 106.213691
14.478270 10.155567 108.639489
13.415474 11.910265 105.820585
13.628272 12.165013 106.176537
13.500471 13.251138 95.659861
13.604588 13.337783 96.270896
13.786836 13.291231 97.775406
14.511473 13.219216 104.783240
13.504668 13.062398 105.587218
14.266533 14.256778 91.599333
14.456026 13.970128 95.405997
13.413464 13.557766 96.318974
13.468833 13.417727 97.913930
13.927056 13.735195 98.818961
13.467659 13.868778 99.914286
13.624637 14.023634 104.887048
13.572812 13.865377 105.431893
14.118073 14.899403 91.406297
13.992320 15.044864 91.684552
14.042653 14.652120 98.621370
13.624832 15.002574 100.233884
14.218586 15.404988 100.688340
14.329765 15.573950 103.959229
13.973162 15.158597 105.312979
13.498904 16.396218 88.241817
13.983597 16.638635 89.188611
13.853218 16.401867 90.475905
13.991923 15.727414 90.996852
13.446976 15.753836 99.727057
13.486475 15.671954 100.573691
13.517693 16.484070 102.680591
13.480267 15.999270 103.326273
14.221615 16.068026 104.042540
13.540710 17.168994 88.160903
13.756557 16.927032 89.031149
14.203721 17.111213 89.490151
13.597665 17.100761 101.465860
13.434576 17.242391 101.809013
13.813153 16.794453 103.006498
14.085215 18.797432 85.898750
13.488825 18.212554 86.776886
13.640779 18.045180 87.270159
14.283474 20.101931 85.687490
13.453342 19.542450 86.751897
14.176783 20.871713 85.155346
14.112671 20.717250 86.217039
14.472416 21.437637 86.012834
14.157752 21.994318 86.430583
14.145066 22.714516 84.570713
14.102267 22.628130 85.902767
14.081384 22.865475 86.340099
14.032956 24.043014 83.140150
13.679616 24.024102 84.464662
14.098166 24.060045 85.177680
13.962367 24.646056 83.472836
13.907101 25.349587 84.259296
14.632646 10.040426 106.845743
14.916191 9.848002 107.499864
14.533621 9.894776 108.563980
15.611239 9.943064 109.604924
14.833251 11.079469 105.554962
14.755531 10.908688 106.200142
14.616437 10.456886 107.694556
14.602862 10.220496 108.657945
14.619619 12.053997 105.627048
15.376795 12.217073 106.197860
14.978432 13.334771 96.969593
14.786277 13.388320 98.084457
15.439528 13.389719 99.541503
14.625606 13.328264 104.567025
14.550489 13.171608 105.340696
15.168662 12.363047 106.467449
14.681368 14.016828 95.458454
14.726968 13.905124 97.155934
14.531504 13.989063 97.467502
14.926228 13.498323 98.449649
14.611911 14.246734 99.522270
15.498350 13.867516 100.656592
15.044774 13.938688 103.611494
14.791548 14.212965 104.665552
14.572388 13.830545 105.319167
15.338744 15.149096 91.742895
15.537200 14.594782 95.068292
14.795832 14.555788 99.285587
14.737527 15.474788 100.427609
14.780765 14.877757 100.766361
15.228746 15.406140 101.858369
15.215391 15.424035 102.793499
15.182460 15.513759 104.062171
15.289293 14.949114 105.047833
14.971539 16.057872 91.453766
15.026004 15.849926 91.797730
14.566479 15.962452 101.287947
15.335124 15.698773 101.948459
15.015274 15.786973 103.083026
14.606692 17.459726 88.478460
15.313295 17.102123 89.923663
15.594537 16.903142 90.660788
14.598523 18.259021 88.249735
14.658797 18.207039 88.534686
15.472158 18.344865 89.556102
14.713637 19.571372 86.222852
15.026307 19.047025 87.743323
15.228391 20.677822 85.978354
14.873784 21.076106 86.595725
15.079584 20.428057 87.397809
15.180316 20.457340 88.496043
15.119166 22.112873 85.584919
14.836665 21.771516 86.868549
15.140991 23.113765 85.958620
14.871644 22.659603 86.302190
14.681077 24.543522 84.364044
14.918359 24.084656 85.852064
14.977422 24.776745 84.764154
14.662678 25.032660 84.980366
15.829076 10.030327 108.313912
15.667405 9.649730 109.900776
15.773788 10.837533 106.020579
15.749072 10.593246 106.256825
15.842364 10.089807 107.474236
16.536992 10.781759 108.464687
15.777587 10.204330 109.741192
16.615873 11.789377 104.245185
15.713630 12.007502 105.420579
16.421856 11.756509 106.305058
16.504495 11.226776 107.594929
16.196146 11.294465 108.750591
15.846414 13.050254 98.931179
16.496626 12.891551 99.785576
16.572808 13.067074 101.473201
16.734051 13.256412 102.407982
16.674922 13.041714 103.065602
16.275858 12.925088 104.571688
16.408205 12.290454 105.922669
15.683027 14.380335 94.895333
15.780759 14.107799 96.050959
15.876862 13.916496 96.143844
15.877296 13.742673 98.057713
15.642792 13.644255 98.862259
15.726872 13.987474 100.260593
15.774629 14.199009 101.457305
15.767720 14.433610 101.983948
15.872503 13.907114 102.813336
16.277524 13.966216 103.977342
16.656752 15.576846 93.410644
16.531097 15.400438 94.592213
15.698871 14.742334 95.145551
15.848621 14.577080 96.272122
15.726686 14.674750 102.716336
15.745340 15.512115 102.823368
16.020941 16.113666 91.511730
15.831038 16.579086 91.664094
15.856700 16.468453 92.854729
16.281426 15.747013 94.674004
15.900349 15.816384 102.872371
16.269439 17.221345 89.269286
16.119741 17.603381 90.001571
16.374903 17.593098 90.873718
16.389442 17.458193 92.119032
16.584323 16.817810 92.855229
15.655435 17.950427 88.895634
15.934352 17.884263 89.692635
16.694230 18.036986 90.728011
16.365162 19.968744 87.552466
16.001381 19.016665 88.280474
16.159958 20.570142 87.121380
16.283343 20.285778 87.832909
16.324955 20.148777 88.617142
15.943554 21.502146 86.791239
16.624907 22.183490 87.663676
15.982223 22.579876 85.868965
16.077716 22.738127 86.953139
16.450610 22.814414 87.908839
16.088413 23.826365 86.352823
16.213026 24.704284 86.542727
17.452272 11.145642 107.797708
16.821461 10.274826 108.578056
16.896062 12.243679 103.182593
17.423324 12.207352 104.307724
17.118075 11.986139 105.946335
16.802972 11.396294 106.769585
17.528549 11.711797 107.305908
17.736131 11.256294 108.476343
17.869883 11.825064 109.826695
17.135898 13.272388 98.543114
17.522163 13.377720 99.601465
16.930414 13.174223 100.894138
17.283433 12.863063 102.239045
16.773970 13.288436 103.209350
17.515329 12.387355 104.208309
17.120935 12.573064 106.085121
16.917002 12.772029 106.213657
17.873182 13.105677 108.022533
17.798197 12.443941 108.584039
16.758444 14.372052 97.070769
16.931003 14.239904 97.223924
16.896493 13.630905 98.684843
17.543232 13.823380 99.640318
16.785473 13.585518 102.422715
16.997748 13.426839 103.249506
16.946639 14.562012 96.070324
16.880658 14.886403 96.361971
16.844067 16.503962 91.531168
16.911319 16.683329 92.720431
17.102380 15.939130 94.528247
17.253648 16.054810 95.615643
17.273319 17.437153 91.088849
16.759113 16.765671 92.661196
17.097909 17.597951 93.217293
17.620048 17.345456 94.111626
17.642918 18.222203 90.399942
17.054243 17.913439 91.120371
17.039892 17.998606 92.048505
17.770879 18.019408 93.480553
16.805297 19.329579 89.319813
17.226355 19.374555 90.129402
17.606864 19.005690 91.568354
17.832994 19.184620 91.722864
17.305465 20.629416 86.919134
17.206304 20.576635 87.831307
17.322975 20.795393 88.928675
17.182442 20.149278 89.749889
17.623883 20.316246 90.824307
17.052647 21.346326 86.882115
16.992038 21.327525 87.646408
17.386857 23.382298 86.821636
17.114319 23.106607 87.427236
17.853124 22.397172 88.473674
17.015807 23.592192 87.093090
17.256351 23.502975 87.463691
17.677318 23.531072 88.495231
16.954683 24.626171 87.906747
18.930245 11.159178 108.001096
17.997687 10.859689 108.744144
18.432646 11.006697 109.591272
18.924829 12.127148 102.351546
18.005517 12.135298 104.473278
18.481772 12.280596 105.823137
17.939709 12.113678 106.621268
18.268503 11.618981 107.567717
18.251600 11.640587 108.654964
18.121726 11.768800 109.753034
18.973404 13.402043 97.929909
17.991109 13.224204 98.466685
18.403909 12.763610 100.113591
18.084561 13.203728 100.654073
18.702133 12.898404 102.339761
18.099524 12.769113 102.836532
17.973050 12.379447 104.641119
18.581635 12.798673 105.023986
18.513344 13.094638 106.333315
18.076620 13.025487 107.903225
17.928211 12.667598 108.538438
18.773664 12.799775 109.974883
18.664882 14.399392 96.928138
17.915525 13.741477 97.910603
17.914473 13.660687 98.423248
18.692600 13.842066 99.609790
18.756544 13.515619 100.678024
18.699556 13.540654 101.959341
18.028999 13.672165 103.629538
18.829440 13.541072 104.145099
18.752474 13.994097 106.221344
18.958108 13.763481 108.116980
18.832163 13.468148 108.424275
18.342847 15.552538 95.896908
18.422905 15.085374 96.464998
17.944924 16.480547 94.366518
18.107186 16.072664 95.830068
17.972297 16.260382 96.295181
18.309255 17.404541 93.622781
18.375036 17.750683 93.846415
18.700193 17.142870 95.499403
18.073224 18.570077 91.290690
18.023287 18.587189 92.617059
18.008311 18.242070 93.003808
18.121012 18.138732 93.956608
17.981695 19.399941 90.112691
18.214260 19.729179 90.690455
18.339944 19.706052 92.014845
18.594816 19.318329 93.578777
18.357948 20.952436 87.006509
18.238808 21.224194 87.416713
18.432438 20.265757 89.319339
18.308609 20.401592 89.842970
18.209474 20.343993 90.979624
18.852493 20.139799 91.913247
18.184305 21.606438 87.361227
18.272688 21.267194 89.234197
18.080893 22.405880 88.007089
18.002858 23.406998 88.324275
18.443635 22.964218 89.724762
17.877853 24.109523 88.411824
18.700157 23.739434 89.874663
19.203920 10.832023 107.673346
19.148433 12.246174 103.881761
19.430156 12.086543 105.277639
19.690573 12.137687 106.358974
19.959214 11.710345 107.443803
19.160490 12.778301 100.145727
19.395474 13.085459 101.076528
19.071946 13.219015 101.918414
19.688292 13.402601 103.752393
19.679085 13.331677 104.599487
19.472888 13.160771 105.243645
19.180352 13.262573 107.079652
19.157440 13.312776 108.016486
19.710049 14.199972 97.566001
19.724393 14.028977 98.656008
18.997404 13.635732 100.437203
19.329268 13.998603 101.416801
19.983095 13.603316 102.102239
19.039398 13.795782 103.076727
19.799279 13.842517 104.258775
19.027389 13.658311 106.152975
19.181654 15.513215 96.118286
19.438784 15.459976 97.228685
19.413271 14.793472 98.896641
19.027709 16.424580 94.761853
19.209353 15.895377 95.910344
19.008588 16.178357 96.109839
19.828243 16.038716 97.225776
19.474915 17.574387 94.154441
19.580254 17.546577 95.190115
19.777647 16.940138 96.270398
19.083345 18.458816 93.373384
19.168350 18.353192 93.883599
20.020866 18.143866 95.256601
19.231411 19.992803 91.201295
19.250276 20.044946 91.856406
19.330884 19.685076 92.732335
19.897560 18.998701 93.956383
19.354616 21.042951 89.297773
19.569639 20.357135 90.384680
19.343629 20.813804 90.546346
19.033005 20.311012 91.919871
19.120081 20.119789 92.807061
19.206125 21.317487 88.232650
19.280334 21.702317 88.523387
19.858071 21.244128 90.089250
19.972484 21.391227 91.051693
19.792225 21.329826 91.741760
19.043968 22.761257 89.184070
19.538977 22.748997 89.399885
19.634503 22.816100 90.660554
20.272639 12.129371 105.580258
20.639872 12.252723 107.037894
20.137578 11.505167 107.483230
20.352413 13.042922 103.723077
21.056621 13.261315 104.859353
20.594910 13.390562 105.711175
20.573787 13.256422 106.951055
20.553359 14.246278 98.894000
20.306277 13.497789 100.546028
20.445123 14.370711 101.618213
20.153920 13.455393 101.988602
20.126123 14.299315 103.012152
20.327768 13.556253 104.235279
20.655425 14.255658 105.163723
20.355466 14.888344 98.182873
20.379226 15.149867 98.441386
20.850924 14.637695 100.174208
20.505688 14.691962 101.482428
20.563022 15.322649 102.154824
20.543523 14.656723 103.499178
20.740388 14.771206 104.068936
21.162192 16.679985 96.076852
20.152405 16.227739 96.851217
20.685084 15.842365 97.657009
21.006832 15.721635 98.513109
21.206563 15.825214 101.262365
21.084484 16.090265 103.447844
20.493513 17.827238 95.326616
20.195919 16.818358 96.848525
20.406588 18.513766 93.906402
20.128812 17.880990 95.234392
20.170406 18.061305 96.231759
20.157410 20.016499 93.335563
20.866937 19.647790 94.125729
20.709283 19.168186 95.651281
20.527484 21.121711 89.518052
20.259320 20.176505 91.477062
20.396595 20.298827 92.508125
20.718746 21.132246 92.948780
21.122579 20.712843 94.575301
20.163113 21.805779 88.644425
20.310203 21.621175 90.175241
20.927700 21.812525 91.130666
20.489858 21.667704 91.832323
20.731673 21.277323 93.225374
20.320890 22.519658 90.720797
21.917166 14.232682 99.314985
22.010585 14.311899 99.563298
21.327042 14.288053 103.599626
22.035558 15.451206 97.704173
21.794978 14.615973 99.353640
21.793787 14.651720 99.446218
21.352752 15.471478 101.265165
21.666024 15.407426 102.775674
21.328377 15.597497 103.151149
21.452747 16.015310 97.144085
21.294686 15.815208 98.285164
22.332810 16.044339 98.832960
21.454307 15.746602 99.700210
21.618541 15.735184 101.502094
21.435389 15.806750 101.934322
21.841217 17.567806 96.284259
22.196488 16.882551 97.512645
22.109061 17.049391 99.345722
21.764903 16.789460 100.395962
21.656882 17.021113 100.759952
21.394048 18.369755 95.028907
21.331094 17.985004 96.095035
21.984282 18.600242 97.201601
22.235527 18.380466 98.903398
21.922466 18.103371 99.891578
21.266650 20.067296 94.076316
21.466061 20.065009 95.166290
21.863766 19.287593 96.337278
21.249957 20.559437 92.724887
21.268181 20.390724 93.561970
21.334631 20.215130 94.195296
21.330996 20.136247 95.028532
22.376401 15.371170 98.467847
22.672010 16.057790 97.096527
22.475032 16.327697 97.688051
22.363661 16.128937 98.756304
22.603298 16.774031 97.145329
22.522524 17.348133 97.360302
23.043234 16.893499 98.509727
22.437104 18.522638 95.544392
22.712062 18.238597 96.368242
22.406072 17.938356 98.246119
22.461487 17.887618 98.901207
