-75.628899 -3.444110 -6.974630
-75.692703 -1.155130 -8.167640
-72.995102 -10.519400 -4.275200
-73.447998 -7.359560 -22.248301
-74.785103 -5.764000 -17.080799
-74.198799 -7.568580 -16.308201
-74.217201 -8.293130 -8.395470
-74.641602 -6.781880 -0.114735
-73.112297 -8.109460 5.315110
-73.719498 -3.014280 -25.752701
-74.339104 -4.094250 -22.434000
-75.342796 -3.283960 -14.970300
-75.332298 -5.210480 -8.287610
-75.087601 -5.132540 0.909783
-74.282600 -5.276510 6.442140
-73.279099 -4.835330 13.841500
-73.839500 -3.219090 14.050700
-73.131798 0.657476 -27.220800
-74.867104 -0.338074 -20.131399
-75.300102 1.064050 -14.898900
-75.374802 2.008750 -8.213640
-75.462601 0.029155 -2.479050
-74.973396 1.250300 2.873400
-74.473602 0.221286 7.790130
-74.551903 -2.587600 8.469750
-73.779099 0.661836 14.366600
-73.495003 -1.205980 19.098600
-73.596298 4.281810 -23.376600
-74.706299 4.538970 -15.134500
-74.877197 4.724600 -7.617680
-74.925003 3.932620 -2.594900
-74.353897 3.896230 4.666770
-73.243401 4.816070 10.067200
-73.267899 3.544760 15.382100
-73.283600 6.726180 -17.795000
-73.477898 7.379820 -11.633800
-74.067703 6.374220 -5.759380
-73.198898 6.358840 3.969310
-72.388298 -11.390800 -13.567000
-72.321899 -11.728500 -9.339880
-70.775497 -13.976900 -7.201510
-70.259102 -13.051200 3.853920
-70.925903 -9.243340 -27.678801
-70.694199 -10.820500 -23.336000
-72.274101 -10.721600 -18.208500
-72.431900 -10.721200 0.550830
-70.218498 -9.032490 11.514100
-70.124496 -8.317510 -31.691999
-71.903900 -6.403230 -28.985701
-71.823601 -8.241660 9.609630
-72.042503 -6.758570 13.953500
-71.443398 -6.432350 19.091499
-70.607201 -6.091500 24.412300
-71.139900 -3.716130 -32.879398
-72.517303 -4.700110 19.906300
-71.148399 -3.982800 28.805300
-71.277702 -0.105806 -32.647099
-72.787201 -2.528140 23.642000
-72.129898 0.229165 28.296600
-71.220497 -1.306920 33.473900
-70.646103 1.873540 35.111000
-71.837898 4.473040 -29.265699
-72.535004 4.534590 17.209101
-72.729599 2.953310 20.998800
-70.752899 5.427810 23.158501
-71.392197 3.545190 28.889900
-70.277397 6.326330 -31.117599
-70.844498 7.395720 -26.300900
-72.016899 7.557460 -21.765900
-71.572701 7.001180 9.619730
-70.872803 6.481230 15.223500
-70.174004 8.876300 -22.813700
-71.269501 9.291500 -16.923100
-71.168602 10.361300 -10.817900
-72.051903 9.384850 -4.643610
-71.679199 9.681310 -2.438670
-68.120003 -17.906200 -3.194540
-67.348900 -18.461901 3.047620
-69.030899 -14.231400 -15.033500
-68.397301 -15.998200 -9.169770
-69.201103 -16.465799 -1.362050
-68.330002 -12.366200 -25.336300
-69.127098 -13.061400 -19.636299
-69.863197 -13.317200 -16.486401
-68.682701 -13.626000 6.798110
-67.719803 -9.533810 -35.853199
-68.528603 -10.577800 -30.789499
-68.900200 -9.032780 13.994600
-69.227501 -7.378510 -35.298599
-69.844200 -7.994300 18.417400
-68.540001 -7.943790 22.006800
-69.422302 -7.036260 24.717899
-67.863602 -5.937440 36.073898
-67.212196 -3.101510 -41.702801
-68.730301 -4.626250 -38.293499
-69.549400 -3.001020 38.758598
-68.014801 2.155270 -39.731800
-69.161499 0.039216 -37.685398
-69.086098 0.421113 42.759399
-69.581596 3.871190 37.798000
-67.691399 3.525190 45.891499
-67.431000 5.912020 -39.385799
-68.781403 5.989080 -36.136799
-69.569199 8.331180 10.807900
-67.578300 7.582010 16.395399
-69.304398 6.961050 19.632401
-68.105904 7.074230 23.966499
-68.803299 6.523860 27.465200
-69.006500 5.640460 34.282299
-67.314400 6.102700 40.913898
-68.402199 8.481370 -30.151400
-68.053101 10.133500 -27.460800
-68.777199 10.297800 -24.069099
-69.958099 10.334200 -19.992800
-69.677002 10.570700 4.610980
-67.556099 11.545800 -20.592899
-69.432602 11.234800 -16.076300
-68.574303 12.710900 -11.997400
-69.834099 12.232500 -7.746220
-67.380699 11.702200 8.248940
-67.533600 14.093500 -9.327000
-67.536697 15.951400 -3.356290
-65.832802 -21.261900 1.016600
-64.545197 -21.337500 6.327780
-66.387299 -18.621599 -5.985670
-65.575996 -14.161300 -23.211800
-65.639801 -14.816300 -18.654800
-66.114304 -16.079599 -12.743900
-66.066902 -14.839000 9.851450
-64.735001 -11.441400 -38.601700
-66.329102 -11.338500 -34.129200
-65.347504 -12.757600 -32.406502
-66.846001 -12.620600 -28.704800
-64.578598 -12.725800 12.338800
-66.251999 -9.180280 -39.930000
-65.286400 -9.422140 15.049800
-64.908501 -5.820120 -44.664799
-66.197098 -7.998460 -41.413300
-65.229897 -8.215100 18.092600
-66.833397 -7.966560 24.755699
-64.804497 -8.307310 29.935699
-67.026199 -7.261270 30.916500
-64.937401 -8.100990 35.952702
-65.514702 -7.512320 39.695202
-65.073898 -7.042040 47.877300
-67.186302 -5.589270 42.221802
-65.904099 -4.995960 50.068802
-64.784897 1.447490 -45.335098
-65.322899 -1.997580 -44.699402
-66.219002 0.869113 52.283600
-64.869102 -2.332400 55.529598
-64.907303 4.383420 53.441799
-64.910103 7.560860 -42.805302
-65.253098 7.505630 19.049299
-65.876297 7.320850 22.805599
-64.692802 7.762130 27.064899
-65.019203 8.288570 29.729799
-67.120003 7.588650 31.208900
-65.301201 8.234690 38.841202
-65.537300 6.553850 47.558102
-65.554100 9.057930 -38.610298
-65.072899 10.521700 -35.364300
-66.470001 10.308700 -31.855801
-66.748901 10.370300 10.565800
-65.813499 8.976360 13.079100
-65.990501 11.433200 -23.704201
-65.219498 12.171000 -19.603800
-66.159798 13.095700 -12.991400
-65.799797 16.673300 -6.613340
-66.186600 16.443199 3.581750
-66.461700 17.275299 -0.482311
-62.290600 -24.825899 2.705250
-61.908699 -20.504299 10.140800
-63.869400 -18.462799 -8.193910
-61.845001 -14.328600 -30.705200
-62.810699 -14.476800 -27.000900
-62.491798 -14.280300 -24.135900
-63.246399 -14.742400 -19.358200
-61.781399 -15.861800 -13.578900
-62.585999 -15.024100 12.131600
-62.775398 -12.483900 -40.558300
-62.154499 -13.728200 -36.503700
-61.993099 -8.921260 -46.892101
-63.026100 -10.651500 -43.853802
-62.551102 -8.889390 16.217501
-62.694801 -9.096310 34.392300
-62.055599 -9.574030 40.481098
-63.794701 -8.475130 44.151402
-63.648800 -7.895720 28.558100
-63.573002 -6.607920 54.728500
-63.027199 -5.225850 -47.192200
-61.863499 -1.973370 -48.903099
-62.774399 0.070221 59.203899
-62.604801 4.030150 -47.764198
-63.408100 3.714300 57.024502
-64.150101 5.822660 -45.278099
-63.586201 7.663580 16.556801
-63.336800 7.030960 23.588699
-63.588799 7.920350 50.878502
-62.818802 8.987840 14.296200
-63.092899 9.454310 33.550400
-63.216599 9.124570 46.967800
-61.769001 11.505400 -41.712700
-62.403099 12.266100 -38.549198
-64.304298 11.224500 -30.726400
-63.648998 11.697100 -25.343599
-61.753502 12.030400 -21.959900
-64.355904 12.820000 -15.055400
-63.158600 13.333600 -12.603400
-63.332600 11.794900 11.637700
-62.456299 15.681100 -9.023900
-63.552502 17.399000 -7.352330
-63.030499 16.987000 8.522850
-64.036003 19.629299 -4.068750
-62.448101 21.341200 4.466280
-61.859600 23.174400 1.584660
-59.342899 -26.639601 -0.274675
-60.140701 -23.963499 -3.721240
-60.870800 -24.303600 7.819360
-60.024399 -20.016100 -6.232100
-59.765400 -14.632200 -35.549801
-60.207699 -14.302800 -20.691000
-59.362701 -14.209500 -17.216000
-59.095901 -15.599800 -12.270900
-61.504002 -12.552000 -42.969200
-59.494202 -13.954600 -28.155199
-61.039398 -11.011800 14.376500
-61.062099 -9.106490 33.996899
-60.293301 -10.268500 37.757599
-60.952900 -10.246400 49.367298
-61.450901 -9.558930 52.828999
-58.963501 -8.777630 59.168900
-60.865898 -7.549490 -48.654499
-60.305698 -7.251860 18.637501
-60.527199 -6.995880 21.124599
-60.857601 -7.170860 26.003099
-60.094898 -7.957550 31.055599
-61.363701 -2.849870 60.783798
-59.730900 3.519590 -50.747501
-60.435398 3.171590 61.415001
-59.984402 6.916920 -50.102100
-60.073399 6.922410 16.219500
-60.847500 6.311140 19.383699
-60.095100 5.627400 22.139999
-60.916302 6.775360 26.704201
-61.220100 8.214670 30.823601
-61.458900 7.627530 56.159599
-60.243301 9.773690 -48.274899
-61.403000 11.087200 -44.490200
-60.745899 9.810300 13.576700
-60.729599 10.083000 35.601799
-59.923901 10.954500 38.721401
-60.834599 10.809700 43.605598
-60.230999 10.524900 52.299999
-58.952202 13.028200 -44.347801
-60.103600 13.443200 -41.910599
-59.432201 13.275100 -36.039501
-59.996498 12.626400 -32.145599
-60.946201 11.963700 -27.605101
-60.687500 11.756900 -22.587500
-59.529598 12.087500 -21.236401
-61.345901 12.273300 -18.891701
-58.804298 11.694600 -15.665900
-59.106098 11.655800 49.194199
-60.586201 17.418900 9.610080
-59.530701 20.540001 -6.912580
-61.026699 24.011499 -0.100692
-60.627998 23.654499 3.871360
-59.105301 23.118999 6.535710
-57.879101 -27.836599 4.700370
-56.744999 -26.433001 9.210890
-56.057301 -22.316999 -5.889310
-58.737301 -19.994499 11.076600
-58.555302 -16.942499 -8.914790
-56.573200 -17.931999 -7.082900
-58.498100 -14.668000 -42.986698
-56.692001 -15.678500 -41.639400
-58.182201 -15.200500 -39.156200
-57.525200 -14.184100 -27.518999
-56.342899 -14.370200 -10.599300
-58.783100 -14.759200 12.403500
-56.337799 -12.958600 -49.657700
-58.323101 -13.792900 -45.847801
-56.883400 -13.648500 -24.532301
-56.874298 -13.326700 -16.024700
-57.435600 -11.402000 13.687500
-57.563499 -11.488400 40.777500
-58.711399 -11.409500 44.914700
-57.638401 -12.180700 50.510201
-56.076099 -12.573900 54.798401
-58.584499 -9.994030 36.652802
-56.873100 -8.093690 15.269000
-57.335999 -6.213380 17.665800
-58.733700 -6.459780 25.952700
-58.347401 -4.324290 -51.879700
-56.081699 -4.443180 18.088100
-56.277302 -4.476840 20.861500
-56.493999 -5.484810 27.362400
-57.114300 -5.273560 63.888000
-57.613300 -0.311624 -52.632500
-57.670200 2.271930 64.324699
-57.739399 -0.030362 64.732697
-57.029999 5.317180 -52.841900
-56.930302 4.005780 16.829300
-57.658798 3.460690 21.447001
-57.420200 4.417050 25.668800
-57.196499 6.198160 29.549101
-57.491699 7.816790 61.165699
-58.285999 9.462320 -50.795399
-56.280701 10.595300 -15.188600
-58.533401 9.794580 13.178200
-58.026901 8.969970 33.920799
-57.155399 10.678800 57.085602
-56.546299 13.758000 -48.825100
-56.518200 13.510800 -33.686798
-57.031399 12.627700 -29.713699
-56.334099 12.265200 -27.517300
-57.605598 12.072000 -24.277901
-57.197300 11.205300 -20.386200
-57.197601 12.155300 -11.991000
-57.312401 13.776700 -9.908190
-56.047798 15.859000 -45.525101
-57.846802 14.757300 -43.360600
-57.570702 14.502100 -39.371201
-58.755798 15.259800 10.794300
-58.234798 17.525299 -8.228240
-58.094398 20.834900 8.854050
-58.472900 25.165400 -3.088930
-57.282398 25.572399 -4.032130
-56.004601 28.147699 3.160440
-53.844501 -29.751400 0.906486
-53.431599 -27.554899 -3.476050
-53.275101 -25.272200 10.889800
-53.274700 -22.011801 10.992900
-55.613899 -18.302000 11.304900
-54.071701 -15.122200 -49.516701
-55.939999 -15.551500 -45.700500
-54.429100 -15.657500 -35.838799
-55.478901 -14.937700 -32.456299
-55.470299 -12.916600 -21.114401
-54.367199 -11.606800 -16.256599
-54.608200 -12.010100 -13.564800
-54.400600 -13.940200 -8.356580
-55.920502 -13.842800 12.206700
-55.395500 -11.796400 40.937599
-53.934101 -13.472200 46.884998
-55.872002 -11.742400 58.034901
-55.856800 -9.528220 -52.404701
-53.401199 -11.100800 -11.441900
-53.915199 -10.061900 12.516900
-53.300098 -8.589590 35.379101
-54.008900 -6.660410 -54.794601
-53.306301 -6.103580 13.878500
-53.231998 -6.448790 32.248501
-53.522900 -7.382490 64.655998
-54.963200 -3.456450 -54.577400
-55.886101 -4.458320 24.647400
-53.639599 -3.649970 27.727800
-55.030300 -4.556850 28.387501
-54.346100 0.024280 -54.967400
-54.557800 0.540624 15.650600
-55.700901 -0.680001 20.068501
-55.955299 -0.008880 23.528299
-54.595600 0.834185 28.056999
-55.992802 3.547620 27.973499
-54.020599 5.494960 30.738899
-55.165901 5.361700 64.788597
-53.266499 7.418140 -16.694099
-55.374802 6.079870 13.782800
-54.892399 9.227440 -53.777500
-53.928299 9.867490 -22.638100
-54.918900 9.744130 -19.560200
-54.427700 9.515670 -12.822300
-53.201302 11.140300 -9.909070
-53.948898 9.366430 35.334702
-55.424400 12.466700 -51.694801
-54.404301 13.014600 -30.414400
-53.938400 11.464200 -26.796600
-53.557701 13.272700 10.070000
-55.635700 11.575400 11.583900
-53.583698 12.848300 41.553101
-55.967499 12.658100 43.913200
-54.387299 13.147300 49.100899
-55.218498 12.375100 54.949299
-53.861599 16.356701 -40.529800
-55.209202 14.742100 -36.887901
-55.407200 15.509700 -8.792650
-53.366798 17.285900 9.213480
-54.371399 25.191299 -6.043980
-54.405701 24.679600 8.457020
-55.598598 27.485701 5.320530
-55.122002 26.202499 7.251480
-55.420101 28.590401 0.073241
-51.762699 -31.026400 4.339290
-52.703499 -29.397100 -1.984430
-51.488602 -30.651600 6.880300
-52.134201 -28.989300 9.140510
-52.627102 -24.344299 -4.953040
-52.523800 -16.981400 -47.030102
-52.969898 -17.146200 -42.383701
-52.004700 -19.357500 -5.491760
-51.150700 -18.486300 9.786080
-50.987801 -15.729400 -52.127102
-52.407101 -15.900500 -6.128830
-52.138199 -16.362101 10.112300
-50.940800 -14.400800 51.528000
-52.662399 -12.233900 -53.509102
-50.838402 -13.073100 -28.425699
-52.532398 -12.321700 -24.936800
-52.740601 -12.620500 10.861400
-51.950298 -13.269100 44.597599
-51.180099 -11.874900 61.028702
-51.375801 -10.240800 -55.297199
-51.416901 -10.179600 -21.771400
-51.575199 -9.679710 -9.666060
-50.640301 -10.705000 -7.162300
-50.862301 -8.807550 10.766200
-51.425598 -10.013400 37.484299
-51.112701 -7.300190 -56.251900
-50.982399 -7.797030 -16.842600
-50.743801 -6.922050 -14.072500
-51.438400 -3.292370 30.067699
-51.787601 -4.988910 30.967800
-53.014801 -3.774550 66.700699
-51.470200 -2.119330 -56.641998
-51.131401 1.798840 11.164300
-51.604900 -2.669880 12.282600
-51.667400 2.217520 29.779301
-51.534500 1.300310 67.330597
-51.159302 4.778990 -20.077700
-51.728199 5.118460 -18.485201
-51.651199 4.219070 -16.539400
-50.888401 4.241210 -11.902900
-51.682598 3.752660 67.008797
-52.179100 6.872310 -56.008099
-51.903801 7.851180 -22.336700
-52.397400 7.115310 -12.102800
-53.192402 6.893270 12.122200
-52.076698 6.641650 31.664801
-51.743099 11.017900 -55.247898
-50.487400 10.135100 -26.960899
-52.673698 10.042200 -24.878500
-51.134800 8.979880 -9.438830
-52.912701 8.583510 63.453300
-52.314999 13.881600 -53.185699
-51.527401 12.347700 -29.738199
-51.465500 12.098300 -9.189280
-51.464802 13.508300 -8.114800
-50.706200 13.930000 46.387199
-51.826599 13.393300 52.456902
-50.961102 11.590200 60.454102
-51.897099 16.510599 -50.848801
-50.657398 16.431400 -37.548599
-51.655499 14.114100 -33.052101
-52.836899 17.508200 -47.967701
-52.357700 17.930099 -45.548801
-51.758999 17.839399 -42.673698
-52.287498 21.561701 -8.020400
-52.055698 20.401300 8.856090
-52.040600 25.412500 8.785530
-51.176399 30.337799 5.800060
-49.924301 -28.585300 10.152400
-48.845001 -27.630800 -4.208490
-47.615898 -25.919399 10.894900
-48.761398 -24.588800 -4.227990
-47.778400 -19.987200 8.382010
-48.156898 -17.986700 -52.353600
-48.960098 -18.876301 -47.393299
-49.197800 -18.578600 -42.824902
-49.819099 -17.016500 -37.886200
-48.334702 -18.807899 -3.876710
-48.355999 -14.689800 -54.821301
-49.867298 -15.502200 -33.887402
-49.179001 -14.354800 -31.545799
-47.989899 -14.018300 7.120780
-50.393799 -14.370800 9.201700
-50.030602 -14.047400 56.235001
-49.805199 -11.709400 9.070930
-47.992100 -11.855500 41.324501
-48.388401 -9.905590 -25.723700
-48.047199 -9.552600 64.433800
-48.817101 -6.968840 -21.337999
-49.591900 -6.892620 -8.966300
-48.103600 -5.729820 9.391420
-50.366199 -6.612960 11.296400
-50.183899 -6.486490 31.877501
-48.209301 -3.004120 -21.792801
-49.899399 -3.774580 -18.082399
-48.027401 -4.476850 -6.838330
-47.639801 -3.162360 -5.373740
-47.677601 -3.630910 2.023040
-48.733898 -3.100340 29.328699
-48.854500 -4.958220 67.369003
-47.694302 0.062129 -22.973600
-48.954201 -0.396052 -20.738701
-49.834499 0.141297 -18.916800
-50.207100 -0.238908 -16.061199
-49.743301 -1.664620 -11.266900
-47.939701 -0.926840 -7.194670
-47.983501 -1.122830 -2.556780
-48.519100 1.279570 3.583380
-48.188000 1.113210 9.403720
-50.328400 -0.027776 29.697800
-49.103600 4.095470 -57.539200
-48.225201 5.298020 -24.737700
-48.443401 3.237020 -7.273420
-48.979301 4.399630 0.269539
-48.364601 3.871470 8.081420
-49.405899 3.673730 10.541800
-49.888901 4.173150 29.854500
-48.519001 7.592580 -25.863300
-50.393299 8.071970 -24.692200
-48.897400 6.105350 -5.904600
-49.071800 7.739850 -0.525561
-48.894901 7.509810 5.545060
-49.144501 7.555590 8.815640
-48.494499 7.760150 31.111500
-47.734699 10.061800 -28.378300
-50.065201 10.578500 -8.233810
-48.729000 9.886440 -0.773517
-48.211601 10.023900 4.272360
-49.143799 10.225800 7.415980
-48.000599 10.109800 34.087799
-50.373402 11.091000 37.489399
-49.364899 8.437230 64.875504
-49.090302 11.948700 -29.775801
-49.167999 11.827500 -6.416800
-48.230000 13.024800 -2.995290
-47.645500 11.210200 -0.022260
-49.736099 12.974000 7.698450
-48.442799 13.807000 44.450199
-48.152401 12.856900 58.219898
-49.260502 14.162400 -54.723701
-48.147099 15.809900 -34.968899
-49.452000 16.543900 -7.412230
-48.791302 18.646999 -40.869801
-47.613899 18.190399 -38.495098
-49.077301 17.829100 7.078360
-48.079300 19.838800 -44.946400
-48.142799 22.595501 -7.634810
-49.319801 26.223600 -6.212030
-49.111900 29.536200 8.068820
-49.393101 32.294998 2.541240
-45.603401 -33.443802 0.792829
-46.144901 -31.531700 8.833640
-47.351200 -23.516001 9.965060
-44.910301 -20.414700 -46.291199
-46.563801 -21.458599 -3.141800
-45.454899 -18.901199 -39.504200
-47.317699 -17.292101 -36.969101
-44.808498 -16.979700 -35.394798
-46.313900 -16.480400 5.727490
-47.184399 -14.485100 48.470299
-46.514702 -14.637000 51.622002
-45.063900 -11.759800 -57.565201
-44.980499 -12.186200 -29.512199
-47.223000 -11.672100 -3.636020
-45.502201 -13.207600 -2.008380
-45.888401 -11.987700 5.470740
-45.350700 -12.663000 43.939301
-46.192200 -12.753900 59.961201
-46.428001 -9.712250 -2.524160
-45.481701 -10.699000 5.125230
-46.614899 -9.580820 34.133202
-45.980000 -6.970490 -24.712799
-47.578300 -8.329950 -5.305610
-46.728500 -5.924930 6.079110
-46.650600 -6.083150 30.078699
-47.039001 -5.574040 -58.016499
-47.395100 -4.934440 -5.842030
-47.155499 -4.687380 8.031890
-45.208099 -2.804360 27.736401
-46.732700 0.096263 -58.486698
-45.099800 0.641299 -24.998301
-47.585499 -0.947890 7.529640
-47.394600 1.330010 67.996201
-46.815498 4.228800 28.425800
-45.584599 5.088900 66.984001
-45.345402 5.680580 -58.831001
-45.714600 10.737000 -57.863701
-45.218899 10.325000 62.852402
-45.615398 11.881200 2.788850
-45.899200 11.863500 3.522480
-46.788898 11.469600 37.335499
-45.496601 12.838900 42.844101
-45.583199 13.387000 55.633701
-46.945801 14.083700 -32.295799
-46.618099 15.712900 4.782990
-46.341499 14.015900 50.436199
-47.577099 18.072201 -52.498699
-46.687000 17.952000 -6.323330
-45.419201 16.889400 -4.227110
-45.209499 19.048000 5.098310
-45.141602 21.597799 -48.774601
-46.450901 19.941900 -42.255901
-47.012699 22.118099 7.771490
-47.023602 25.197901 9.196240
-47.301800 30.263500 -3.811650
-46.631802 28.146799 9.485540
-43.285999 -34.438099 3.798750
-42.497101 -31.040300 -2.727110
-42.287399 -29.951799 10.751700
-42.868698 -22.908701 -1.882450
-42.898602 -23.766001 8.772180
-44.649700 -20.204700 -51.332001
-43.273399 -20.538200 -42.683998
-43.396801 -20.002701 -1.401870
-42.609501 -20.981600 5.716570
-43.159100 -18.946400 -54.974899
-42.273300 -18.257799 -36.174000
-44.658600 -17.301399 -1.542760
-43.559200 -17.951900 3.193430
-44.662300 -19.465900 6.076870
-43.535900 -15.359400 -32.580898
-44.042801 -14.279900 -0.468042
-44.753399 -15.555500 3.738400
-42.013901 -14.044900 51.546600
-44.627899 -14.070000 55.070301
-44.219101 -12.872000 2.213930
-42.278000 -12.705200 45.837502
-44.313301 -10.236500 35.285599
-42.466202 -10.451300 36.595600
-42.341301 -6.700390 -59.468800
-42.858101 -7.109770 30.977301
-42.134102 -8.216750 64.795403
-42.615002 -3.351740 -59.641602
-43.002201 -3.036080 -25.344700
-43.482399 -4.351300 28.472601
-44.019402 -5.376080 67.075203
-42.047600 -1.527190 27.620300
-44.002899 2.825090 -26.226700
-44.552399 4.086880 27.855900
-42.318199 5.313550 29.823099
-44.600800 7.476060 -27.476299
-42.431499 8.301430 64.153999
-43.539799 10.790400 -29.237101
-44.610298 9.137880 32.041801
-43.275101 11.404100 37.079300
-43.000198 12.447700 43.133598
-42.172699 13.141600 54.519798
-42.037102 11.729800 58.631599
-43.670101 14.201600 -57.031300
-42.085999 14.093400 -31.300900
-44.652901 15.671200 -1.795560
-42.340000 14.072300 50.190800
-44.206799 14.019700 51.356899
-43.944901 18.744801 -36.914101
-43.491001 17.122999 -34.512402
-42.225300 18.162201 0.816636
-44.133400 20.756100 -51.865398
-43.184299 21.946800 -45.744202
-43.032001 21.504499 -43.209801
-42.110500 20.287500 -38.716099
-44.651199 20.918600 -6.295850
-42.931900 20.880600 4.970670
-43.950199 24.219400 -6.019260
-43.157299 27.563400 10.202500
-42.528500 30.042801 -3.961280
-43.487202 31.240900 9.425520
-44.499699 33.699001 6.616460
-40.051899 -35.217201 1.809040
-39.291698 -35.284199 4.019640
-41.284302 -34.625401 5.965200
-41.586800 -33.580002 -0.751169
-41.959499 -29.907700 -2.908650
-41.312099 -25.204500 -2.066510
-41.783401 -27.450399 10.911400
-39.820202 -23.021000 6.973580
-40.921799 -21.316299 -46.066502
-39.287601 -21.192900 -43.055599
-40.438599 -20.519199 -39.863602
-40.416302 -21.274099 -0.183979
-39.900200 -21.684401 4.476820
-39.439701 -17.085501 -58.143200
-39.843300 -15.012700 -31.158001
-41.885201 -12.925900 -30.021900
-40.998299 -11.398100 41.706902
-40.242500 -12.343700 57.282299
-40.752499 -10.664200 -59.488098
-39.978901 -9.180200 36.010399
-39.715801 -9.894270 61.623299
-41.862499 -7.221750 -26.111700
-39.390999 -5.742790 32.625198
-39.721500 -3.243100 -76.024902
-39.430401 -4.595060 -70.643402
-39.426201 -3.943620 -25.813000
-40.930500 -3.889260 29.426500
-39.438900 0.117604 -76.712799
-40.216000 2.261290 -73.084000
-39.315701 1.321340 -68.452003
-39.945099 -0.336111 -60.581100
-41.330700 1.851130 -25.986601
-41.409901 1.949990 28.655001
-40.954399 -0.711923 66.910599
-40.248199 3.047890 -76.127098
-39.354401 4.704340 -68.312897
-39.861301 3.719610 -60.607300
-39.461800 3.603490 31.488899
-40.285000 3.695950 65.879402
-40.243500 7.770740 -75.782097
-39.299900 7.561360 -67.982597
-39.613201 7.796600 -60.313702
-39.330601 8.641420 -76.688004
-39.966900 9.760420 -72.287498
-40.687698 10.031600 -28.681499
-41.115700 9.874080 34.936199
-39.715599 11.014000 42.925301
-40.759102 10.078100 60.911999
-39.362301 12.774300 -75.649498
-41.241402 11.285400 -59.059898
-40.681599 17.809999 -56.133701
-41.407799 18.773701 -2.372700
-40.168800 21.298500 -53.163799
-39.309700 21.051901 -38.794102
-39.942799 20.529100 1.345030
-40.544800 22.442400 -50.913799
-41.396301 24.510799 8.245570
-39.762299 26.921499 -4.184560
-40.315899 26.505800 10.066100
-40.271801 29.915600 10.893900
-41.420799 33.551998 -1.367110
-41.853901 34.987099 1.074290
-41.422298 35.510201 4.544990
-38.508301 -34.241600 2.507900
-36.983501 -33.708500 9.760980
-36.427101 -32.046398 11.112800
-37.019199 -29.514500 -1.663970
-36.429901 -25.943800 -0.729652
-37.806599 -26.456699 10.432700
-39.161900 -19.970501 -55.596699
-38.478298 -21.059401 -52.200401
-39.198502 -21.061899 -47.029900
-36.997898 -21.148199 -40.041000
-38.198601 -20.207199 -37.599998
-37.545898 -21.656200 3.107690
-38.673901 -18.872700 -35.312599
-37.195599 -17.198601 -32.369900
-36.648701 -14.292400 -70.368301
-39.053101 -14.909400 -59.197800
-36.875702 -15.197800 -30.313299
-38.005299 -11.230200 -75.648201
-37.333000 -11.292800 -68.367104
-36.410301 -12.572300 -60.399601
-38.152199 -13.885500 -29.671101
-38.544701 -12.536600 50.781700
-38.114601 -8.515210 -76.550797
-38.206799 -8.900740 -68.720497
-36.648201 -10.191900 -66.035599
-39.017601 -9.941900 39.565601
-36.820801 -8.623870 42.350601
-36.741798 -9.803480 45.525398
-36.870201 -10.883800 48.425499
-36.757099 -10.439900 57.888699
-39.105598 -7.217150 -75.840401
-37.858601 -8.044020 -67.038399
-38.245998 -8.190450 -60.402100
-38.323101 -8.286560 -26.814100
-37.093201 -7.693570 38.377399
-37.876301 -8.044760 62.317101
-38.818802 -4.024700 -76.695198
-38.744999 -3.432560 -67.656799
-36.950001 -2.990370 33.577400
-37.575401 -4.855030 64.259697
-37.390900 -2.358590 -65.985001
-38.123100 -0.911961 31.653299
-37.468201 -0.762357 64.638603
-37.428001 2.995220 -65.912003
-36.502201 3.667670 62.844200
-38.259102 6.024820 -66.467300
-37.105999 5.965000 -26.452999
-38.320499 6.843010 34.841499
-39.055099 10.854100 -67.708801
-36.939499 9.939260 -65.361397
-38.197899 8.603930 37.827000
-37.294201 9.032710 43.283199
-38.546001 12.812400 -76.310699
-38.145699 11.844700 -28.863300
-38.592800 12.122300 48.014301
-38.338600 12.669900 51.997002
-38.699600 14.391300 -68.591698
-37.414799 14.805800 -65.840698
-38.931400 15.676200 -58.317001
-36.450699 17.887199 -75.504799
-37.855499 17.328400 -70.503601
-37.275398 17.251600 -66.634300
-38.281502 18.091600 -33.086800
-36.489498 20.098200 -69.410896
-37.706402 21.789900 0.465549
-36.485600 22.759100 -52.963902
-38.195702 22.894800 -47.615398
-38.377300 22.493700 -43.429001
-37.466801 23.683701 -1.724420
-37.222301 26.373400 -2.922870
-37.403702 31.566601 -2.239530
-38.702099 35.436199 7.555690
-36.575802 33.968800 10.135700
-33.959599 -36.270901 4.836540
-35.116199 -35.341099 8.447240
-34.266201 -33.196602 -0.371382
-35.997700 -29.847601 11.950000
-34.884701 -23.533899 0.784538
-34.762100 -23.713200 7.135930
-34.314499 -19.784901 -73.604401
-34.764999 -19.802999 -57.679600
-34.123299 -21.061501 -53.476700
-33.722500 -21.195700 -48.401299
-35.295300 -21.347200 -44.056000
-34.172901 -20.962400 -38.371101
-34.384800 -20.009501 -35.550701
-36.007900 -21.977501 1.590030
-33.690399 -19.278299 -75.161201
-34.432701 -17.532101 -66.527199
-35.682098 -14.331100 -75.857597
-35.983299 -16.625999 -75.110901
-35.520302 -14.473900 -66.370003
-34.390202 -15.733800 -29.637800
-35.944099 -13.380100 -28.530300
-35.463501 -11.274300 54.383499
-34.333302 -8.915130 49.674099
-33.899399 -7.901290 -63.604301
-34.208099 -7.883540 -61.339001
-35.873402 -6.344100 -25.799000
-33.864399 -7.848140 57.913898
-35.603802 -5.330960 -64.790100
-34.844101 -2.813320 -64.389801
-34.303200 -4.825580 -61.593300
-35.136700 -3.585630 37.097099
-34.559700 -3.570430 40.987301
-34.556099 -4.378270 43.603699
-33.811501 -5.225410 46.101002
-35.226601 -0.609012 -75.431099
-34.242298 0.384207 -64.322403
-34.984901 2.374630 -61.551701
-34.656898 2.634120 -25.215000
-35.396999 0.270015 34.584000
-33.780998 -1.142040 38.151501
-34.097301 2.073590 43.635300
-34.232101 3.628700 -64.049400
-35.575500 3.900760 36.662399
-34.652901 2.959440 40.139000
-35.482399 6.808920 -75.403702
-33.828098 7.777450 -63.335899
-35.833599 6.254420 42.453899
-34.320301 7.620360 47.111599
-36.391102 7.074470 60.388401
-34.382301 9.379260 -63.894901
-34.938099 8.631240 -61.326401
-35.769901 10.622700 51.197300
-35.291901 10.169300 54.557301
-36.340900 13.155400 -64.949997
-33.919399 11.429300 -61.824501
-35.076900 13.330900 -60.247200
-35.199100 13.203300 -28.418501
-33.941399 14.691800 -74.752602
-35.663300 16.705900 -64.451401
-35.521599 15.103900 -29.606300
-35.673302 19.082701 -57.881401
-34.512001 17.813101 -31.207399
-35.837601 20.452499 -74.502098
-35.058498 20.611500 -64.816597
-35.425900 20.938101 -56.544899
-34.248501 22.072300 -39.737099
-35.764301 19.762699 -34.488499
-34.075199 23.310801 -73.280098
-34.196499 23.263100 -69.698196
-33.989399 22.731701 -54.897499
-34.278900 23.306200 -50.559700
-33.894699 22.946100 -45.385399
-34.480202 23.244801 3.577290
-34.487202 25.006701 8.073290
-35.626301 27.145500 10.892500
-35.380001 29.627100 11.943700
-34.871601 31.860800 11.836300
-34.221001 35.755699 2.327630
-34.137798 36.710400 4.442010
-35.007801 36.514500 7.041120
-30.882401 -35.728699 2.754650
-30.997400 -31.683800 0.019893
-31.392099 -22.927299 -73.319801
-31.112101 -22.897400 5.997610
-31.652800 -21.851400 -74.465500
-32.328701 -21.273899 -67.995201
-31.218500 -21.103100 -64.956902
-32.101601 -20.959400 -56.445202
-32.520699 -21.267599 -42.990101
-31.815300 -21.337999 -40.811001
-33.293098 -21.662399 4.480930
-31.170700 -17.985399 -60.269798
-32.769901 -19.203600 -33.334400
-31.269300 -15.963300 -62.229099
-32.236000 -15.806700 -60.932400
-32.679699 -15.942000 -29.402100
-32.581799 -11.399900 -61.520000
-33.205502 -13.832700 -28.158001
-32.244598 -10.832900 -62.993099
-32.576801 -9.790730 -25.952900
-33.587898 -7.673670 -74.987701
-31.519300 -6.413080 -24.587099
-31.469500 -6.490350 55.753799
-32.205299 -3.926680 -74.471497
-32.303200 -5.567550 50.296101
-32.756401 -4.513080 58.821400
-33.411800 0.446993 -63.337700
-31.389900 -0.446301 -24.212601
-33.030998 -0.308297 45.538799
-31.047800 -1.110900 48.282902
-33.151100 2.386260 59.271400
-32.888901 3.165080 -74.543999
-32.316299 3.802420 48.363400
-33.516602 7.917860 -26.014799
-31.994600 5.910880 54.782700
-33.562401 14.484000 -63.154202
-32.950802 15.528600 -61.126701
-31.199400 15.570000 -28.354601
-32.052700 17.832300 -62.284401
-31.189800 19.331301 -59.396400
-33.444302 21.918699 -56.291901
-31.569099 22.048800 -38.738201
-33.427601 21.088400 -36.357201
-32.503799 23.739599 -73.984703
-33.019901 24.113600 -65.846901
-31.614100 23.843599 -62.724201
-32.095501 23.607401 -52.616001
-31.327801 23.403099 -49.263302
-32.076000 22.641701 -42.775799
-32.685001 23.973499 1.541360
-31.255501 26.050200 -67.272202
-31.760099 27.816799 12.394700
-32.714600 29.266100 -1.063290
-33.116901 35.226002 10.394600
-28.168699 -34.212799 2.104730
-29.440800 -28.670300 1.131630
-30.283100 -29.492100 13.239700
-28.792999 -25.268000 -72.488503
-30.150900 -26.034500 10.942700
-28.454599 -27.694500 12.994100
-28.846600 -24.284901 -73.484200
-30.356400 -22.581800 3.782130
-29.177601 -22.468500 6.195030
-28.520901 -19.658800 -59.427101
-29.278900 -21.108299 -52.275902
-28.336800 -21.235901 -39.782398
-29.434200 -21.071899 -36.760101
-28.384600 -20.227800 -33.219601
-28.542900 -19.083700 -73.416199
-28.958401 -19.072300 -62.134800
-28.762300 -18.763700 -30.947599
-28.601400 -17.011801 -28.628700
-30.165899 -15.815200 -73.992500
-29.827299 -14.130100 -26.731899
-29.614300 -11.339100 -73.679001
-28.589800 -8.084060 -23.335899
-30.358299 -5.679210 51.908001
-30.782600 -3.923050 50.237801
-30.789101 -4.085170 58.947498
-29.700800 0.529071 -73.538498
-29.016100 -2.589950 -23.208900
-28.537901 2.519420 48.751801
-30.797501 1.027310 59.760399
-28.185499 1.855760 63.429699
-29.420099 4.731400 -23.905800
-29.544600 5.320890 50.945801
-30.272499 7.059230 -73.619797
-30.761101 5.742250 55.353901
-29.980200 8.476100 -24.945000
-30.457001 11.311800 -73.581703
-29.706400 12.521700 -26.193399
-28.695101 15.136000 -72.998703
-30.256100 18.445900 -30.370701
-30.219000 21.046301 -73.395103
-29.982100 19.619400 -60.913502
-28.467100 22.132299 -57.881001
-29.458799 22.322901 -40.154701
-29.106800 21.458700 -35.623001
-29.139200 20.336800 -32.950199
-29.182501 23.747499 -54.073399
-28.680599 23.141100 -47.850498
-29.163099 22.919300 -45.956100
-29.719101 22.781401 -44.111900
-29.303600 24.307400 6.242220
-28.802999 25.857800 -72.904099
-30.694500 26.556101 -72.595299
-28.792400 27.178699 -63.653599
-28.484900 26.042999 -61.474899
-29.257299 27.778999 1.433390
-30.587099 26.276699 11.013100
-28.013800 28.162100 -66.963303
-29.824800 29.466499 14.045300
-29.860100 31.364401 0.739334
-29.823400 34.854401 2.733790
-26.717199 -36.531601 6.014900
-27.256399 -35.823299 10.850800
-27.820299 -34.144199 12.453800
-25.390600 -31.613001 2.451840
-27.849899 -31.761499 13.925900
-25.626900 -27.180300 -71.714996
-25.807100 -25.572100 11.978700
-27.833799 -25.028400 -66.459900
-25.782600 -24.628300 -62.482899
-25.816601 -23.861900 8.239720
-25.555599 -21.141001 -72.483299
-27.112200 -20.054600 -60.579899
-27.704800 -20.771400 -57.417301
-26.124001 -21.099800 -50.250900
-27.641800 -21.195400 -45.336899
-25.444799 -19.986900 -31.381300
-25.434200 -13.790000 -72.339996
-27.181200 -12.230200 -24.274000
-25.833200 -10.666400 -72.346901
-27.260401 -8.906970 54.460400
-25.973200 -8.827010 59.533600
-27.234600 -7.563830 -72.796898
-26.516899 -7.291540 -21.765200
-25.634100 -5.060440 48.383400
-27.680300 -5.195120 62.678600
-27.334600 -2.320920 -72.758301
-25.537701 -2.017490 46.815601
-27.693501 -2.223680 48.321800
-25.725500 -2.319110 65.583702
-25.670099 3.930470 47.158600
-25.975599 5.982300 -72.151497
-26.962299 6.317350 -23.002399
-27.032700 8.105900 53.065701
-26.482300 7.761000 58.960300
-26.807600 5.916050 62.065899
-26.113199 9.143620 -72.119797
-25.444599 13.347300 -71.867500
-27.032101 11.373300 -24.419800
-26.873501 14.148200 -25.828199
-25.978901 17.535999 -28.041901
-25.837299 21.413200 -71.855904
-26.248600 22.195499 -39.218102
-25.968100 21.882500 -37.461498
-25.200500 21.573700 -35.516102
-27.754101 22.804399 -59.752701
-27.413000 22.663200 -57.985500
-26.413500 23.474600 -55.979000
-27.487600 23.442101 -49.787601
-25.513500 22.848600 -45.651699
-27.802000 22.631399 -42.940601
-26.780600 25.110600 6.335810
-25.278299 24.852600 9.782070
-27.658899 27.816500 -72.200996
-26.713100 26.298000 4.294180
-27.702400 28.537001 -71.214302
-25.771400 28.021099 -61.415100
-25.399700 32.937401 3.863790
-26.678499 32.220501 15.623000
-27.026501 36.268002 5.682250
-26.733200 36.244301 11.590300
-25.672001 34.171600 14.936300
-25.362400 36.902100 9.874480
-22.824100 -33.973000 4.684460
-23.712500 -35.717602 5.957740
-24.471701 -36.319099 10.036000
-23.012100 -31.195000 16.495300
-22.566900 -28.665899 -70.811996
-23.485399 -29.096600 3.867610
-23.321899 -29.568300 16.643000
-24.205500 -26.952999 -72.015900
-24.730900 -26.399000 -63.921101
-24.992500 -24.497101 4.969280
-24.897200 -23.578699 6.215660
-24.546499 -22.072500 -60.615799
-22.761999 -20.680300 -56.425400
-23.286501 -20.832001 -54.824699
-23.548800 -21.029301 -48.048901
-24.989901 -21.264799 -41.527302
-23.507500 -21.263500 -38.133099
-24.861401 -21.036301 -34.497501
-23.663500 -18.293100 -27.869801
-25.047600 -16.796900 -72.255798
-25.076401 -15.302400 -25.154100
-24.117399 -9.729110 -21.055201
-23.068100 -9.147290 51.275299
-25.169100 -9.937540 56.172501
-23.630400 -7.143570 47.606400
-23.506800 -3.994580 -71.448997
-22.782200 -5.544280 -18.658899
-22.779301 -4.745920 43.781502
-23.662600 1.753590 -71.426003
-24.296301 -0.852828 -19.849100
-22.425501 3.339860 43.320499
-24.261600 3.165440 66.139297
-24.074699 6.090770 -21.060699
-24.860100 6.579630 48.091301
-24.624100 10.679800 -22.717501
-23.134100 9.187260 51.674099
-23.310200 9.028000 59.094002
-22.466700 19.474501 -70.731796
-22.646200 19.458000 -29.338499
-22.596100 22.268400 -39.933498
-22.646999 21.962700 -37.916801
-25.095400 20.845699 -33.084301
-25.038401 23.680099 -57.261398
-24.805201 23.658800 -54.038300
-24.479300 23.537201 -50.988201
-22.600300 22.949400 -47.375099
-24.566799 22.523199 -42.834801
-22.619400 25.316601 -70.684601
-24.001400 27.541500 -59.550301
-22.575701 25.502800 -57.807499
-24.950600 26.452000 15.020100
-23.641701 27.393101 17.603500
-24.276699 29.459999 -71.037201
-22.930201 30.691999 -68.288399
-24.293400 29.165701 -62.485901
-23.464701 29.234100 18.293100
-22.421200 35.355400 14.883900
-21.675800 -34.564800 14.634800
-21.221800 -28.584801 -69.331100
-20.322901 -27.887400 -70.576698
-20.046000 -27.761000 -61.626801
-21.241400 -25.596901 15.286300
-21.789499 -27.723101 17.123501
-21.991301 -24.198900 -71.224701
-20.426500 -23.653099 10.909000
-21.202400 -19.750999 -70.884201
-21.543301 -21.072300 -45.502499
-19.920401 -21.218901 -40.563400
-20.426100 -20.990801 -31.905500
-21.436199 -19.526199 -28.642200
-19.626900 -16.845800 -23.636801
-20.897400 -14.138300 -70.732498
-21.460199 -12.969800 -21.067699
-20.912100 -10.441800 -70.695000
-20.064501 -9.347060 -17.567600
-20.523899 -8.708470 46.584801
-20.299000 -10.087500 53.475399
-20.958500 -9.983590 59.912601
-20.359100 -7.206490 43.873100
-21.836201 -8.213010 63.428799
-21.861200 -5.453000 66.483299
-21.468100 -0.049992 -17.377701
-21.980801 -2.315660 42.585899
-22.003000 -2.008460 67.110802
-20.242100 5.209270 -70.178802
-20.840500 4.275510 -17.810400
-21.217100 3.963110 66.445999
-22.205900 7.117480 45.939602
-19.940701 7.094520 63.707802
-19.866600 9.124050 -69.985603
-19.759001 9.514150 57.758499
-21.671301 11.343700 -70.648697
-21.902201 13.758200 -22.700600
-19.637300 11.412400 -19.372299
-22.099600 16.697500 -25.351400
-22.197599 22.275900 -41.333099
-19.624800 21.405800 -34.537998
-22.242100 20.601900 -31.950800
-20.410999 22.543900 -69.972198
-21.835800 23.813000 -55.600101
-22.366501 23.424601 -52.888100
-21.243799 23.121099 -49.499401
-22.236000 22.697500 -45.021000
-20.621401 22.646700 -43.779800
-21.485600 24.801901 8.997320
-20.142500 27.714001 -69.899200
-19.658899 25.278000 20.138000
-20.838301 30.795099 -69.113403
-22.320499 30.285299 -64.967598
-21.623199 28.714800 -59.321899
-22.265400 28.660999 5.604560
-20.829800 36.028301 12.610600
-17.442801 -35.388000 10.796600
-17.514200 -35.472099 14.476700
-16.929001 -33.452000 8.545050
-18.119200 -31.382799 19.883600
-18.922600 -28.917500 -64.876198
-18.991400 -30.327299 6.185050
-19.181299 -28.274700 19.751801
-17.165001 -27.238899 -59.215900
-17.623301 -27.852800 8.079400
-17.264900 -22.960100 -69.455399
-19.225700 -23.918699 9.462210
-18.702600 -25.132700 17.355499
-19.514200 -20.878500 -56.261299
-18.006300 -20.839500 -52.429699
-19.108999 -21.289499 -35.480801
-16.859301 -21.010599 -30.747999
-18.687700 -17.486500 -69.951202
-17.325500 -18.914200 -25.284700
-18.156601 -15.030900 -20.563499
-17.923201 -9.502940 49.073700
-17.372200 -9.805640 57.971699
-18.444799 -6.280230 -69.752502
-18.890200 -7.367200 -15.534400
-18.915199 -3.824770 -14.626300
-19.332300 -3.179390 41.661900
-19.060600 1.667440 -69.818703
-18.375700 1.588930 41.717701
-18.611000 2.870360 66.747597
-19.433599 8.146620 -17.512800
-19.049299 6.259010 44.246300
-18.681999 7.808170 46.851200
-17.441601 9.360010 56.364899
-17.967699 16.374100 -69.265198
-16.947599 15.540300 -21.069901
-18.199100 18.015499 -25.321501
-17.344500 22.278299 -39.966099
-18.566299 21.856400 -37.055000
-17.764700 20.391500 -30.408199
-18.241100 23.946100 -54.353199
-18.718300 23.341801 -52.310101
-18.152500 22.997299 -48.440201
-19.465000 22.795200 -46.190102
-18.149401 22.403000 -42.560699
-17.486099 25.171700 11.264800
-18.897301 24.084400 14.465900
-17.037001 23.605000 21.960899
-17.646900 25.282900 -68.911499
-18.546700 25.825001 -56.079201
-17.449600 26.772600 24.781099
-19.063900 30.606100 -62.406200
-18.450600 30.072500 -59.996498
-17.023199 29.285900 -57.766300
-18.616600 28.791901 8.581180
-18.903299 30.177700 21.603800
-17.561501 30.922600 -68.673897
-19.037500 31.330700 8.165770
-17.057899 32.737400 19.983900
-19.182600 34.658901 10.115700
-15.337600 -30.965300 8.631070
-14.987000 -32.922600 20.431999
-14.224500 -28.591200 -68.357300
-14.752200 -29.258900 -61.612598
-14.137200 -29.834600 24.428400
-16.243200 -26.099001 -57.952202
-16.688801 -26.456900 22.042900
-16.781099 -23.163200 14.186900
-15.924800 -21.520901 -55.957699
-16.005301 -20.785601 -50.221001
-16.772200 -20.940201 -46.313702
-15.244900 -21.141199 -41.644798
-14.502300 -21.262800 -37.493500
-15.549200 -21.311501 -34.841801
-14.153000 -20.311100 -26.803900
-14.057400 -22.262100 17.185101
-15.786600 -14.138300 -69.016899
-14.638900 -14.922100 -17.623199
-16.589899 -11.286100 -15.643900
-15.626600 -10.026100 -68.855202
-14.722100 -9.395040 53.375301
-16.350599 -8.409620 62.563801
-14.737900 -8.383330 -11.670600
-14.084400 -5.715420 -9.445030
-16.675800 -7.261690 44.960098
-16.284901 -6.291390 65.297997
-16.044100 -3.722600 -11.204500
-16.471600 -2.406990 -69.012604
-16.555300 0.140348 -11.994900
-14.877800 2.657720 43.566200
-15.117700 1.063380 65.909401
-16.368401 3.579100 -12.690100
-16.349400 4.524990 65.062798
-15.266500 7.023210 -68.450302
-15.498400 7.698990 -13.052700
-15.978500 6.802940 62.357399
-15.798000 10.253700 -14.957600
-16.779301 8.985150 52.656898
-16.020000 11.339700 -68.594704
-15.229300 13.015400 -16.877001
-16.039499 19.405199 -27.280399
-15.590900 21.244801 -68.344101
-16.011900 22.210199 -42.413502
-16.241800 21.990200 -40.013199
-15.639600 21.613800 -37.628300
-16.043200 21.444700 -35.545502
-14.742700 20.886600 -32.053902
-14.102600 20.434700 -29.788799
-14.002200 21.730801 27.728901
-14.403200 24.274500 -53.455700
-15.615200 23.541599 -52.798698
-15.685200 23.010900 -49.223701
-15.880200 22.801500 -46.471199
-15.107500 22.528000 -44.516701
-16.436100 23.855900 13.061900
-14.549400 23.406799 16.330099
-15.040600 24.514799 28.712400
-14.789600 25.487801 -54.463100
-14.387300 30.129900 -67.782997
-14.024200 30.714001 -59.335602
-15.041900 28.192200 -55.848701
-15.172100 32.049301 -65.592499
-16.414900 30.884399 -61.472801
-15.503100 34.000301 17.022200
-12.516900 -34.292999 15.814800
-12.121100 -33.425499 20.400400
-12.982300 -30.173599 -66.561302
-11.530600 -30.173100 -63.781300
-12.322700 -29.981800 11.400000
-12.498600 -26.156000 12.501500
-13.738400 -25.453100 26.011600
-12.987800 -24.399300 -68.053596
-12.617800 -22.670799 -55.519402
-13.623500 -23.700199 13.303200
-13.810100 -23.640800 22.380400
-12.555100 -19.981501 -67.876297
-13.373100 -21.232700 -54.245998
-12.397000 -21.138700 -44.075600
-11.404500 -21.262199 -40.120602
-11.414500 -21.291300 -36.394901
-13.244100 -21.339399 -33.108299
-13.077400 -21.033400 -29.715700
-13.601200 -17.031099 -68.191200
-13.540400 -18.362200 -21.805300
-11.961500 -12.471300 -12.341400
-12.035900 -11.213600 -11.052300
-12.044400 -5.800540 -6.729600
-11.626300 -6.536390 46.164200
-13.226200 -8.269490 50.698799
-12.664600 -8.247900 58.668098
-12.783400 -6.831960 62.286598
-12.153300 -3.626890 -67.486198
-13.240200 -3.198780 -7.409110
-11.683900 -3.755290 63.164902
-13.852500 1.358830 -67.983299
-12.788900 2.391110 -7.499850
-11.837800 1.946160 43.353500
-11.748500 1.106320 63.248100
-11.694600 4.227790 61.186298
-13.470400 3.608190 63.738800
-12.906100 6.525760 -9.198720
-11.751400 6.610100 46.944302
-13.553600 6.844560 47.935200
-12.305300 7.460800 51.986301
-13.425400 7.370920 58.341900
-11.504000 9.752120 -9.680320
-11.941500 12.716900 -67.145500
-11.218900 17.412800 -66.887199
-12.149000 19.303301 -25.603701
-13.004700 17.894300 -22.340300
-12.590900 22.304001 -43.643299
-12.469600 21.963499 -40.727001
-12.491400 21.546600 -37.932098
-11.376900 21.163000 -34.439301
-11.937900 20.522600 -30.112499
-12.177900 22.106501 20.180799
-12.363900 24.912399 -53.271099
-12.097700 23.797501 -52.262402
-13.775900 22.861099 -48.833302
-11.949900 22.584299 -46.661900
-12.212800 22.541401 -44.595001
-11.704100 23.842300 17.885201
-13.135800 25.817499 -67.321899
-13.227200 27.347799 13.919800
-11.231500 25.271799 33.738499
-13.451500 29.636499 -56.675701
-11.980700 29.211100 -55.501801
-13.889500 28.583700 27.416100
-13.398500 31.227100 -61.123901
-13.375500 31.282900 13.781100
-12.494900 32.698700 17.648800
-12.699500 31.485600 23.570801
-11.107600 -32.473900 14.217100
-8.983750 -30.092501 -65.232300
-10.901100 -28.795000 -57.669899
-9.318420 -28.022301 30.572599
-9.702330 -27.137400 -55.408600
-9.203690 -27.316099 14.912100
-10.125800 -26.606400 30.935301
-10.155400 -22.592699 17.766300
-10.332100 -23.144800 30.268499
-10.294100 -21.206600 -52.014500
-11.029000 -21.011200 -46.877602
-9.535370 -21.345699 -34.509800
-9.794340 -20.918800 -27.791100
-8.752090 -20.070999 -23.039400
-10.720100 -21.364799 21.180099
-9.493480 -20.861099 27.398399
-9.848900 -19.254801 -21.349600
-9.977380 -16.927299 -16.796101
-11.196600 -14.187200 -67.339699
-10.220100 -15.118800 -14.045600
-9.003080 -13.816900 -11.160400
-8.625980 -10.999200 -66.373703
-11.091800 -9.219040 -7.968540
-8.497340 -8.883600 42.548599
-8.984060 -9.831240 47.299702
-10.025300 -7.226540 -66.797699
-8.518030 -6.365180 -2.052630
-8.690840 -7.076690 19.290701
-9.983820 -7.869960 45.098202
-10.881600 -7.707820 48.666302
-9.905790 -8.136050 50.813099
-10.178300 -7.392790 54.852501
-10.900700 -3.233190 42.878300
-8.743750 -5.196630 57.059799
-8.414730 2.670740 39.400799
-9.689750 1.912880 60.091999
-10.056500 3.139240 -66.657204
-10.094400 3.935050 -4.055730
-11.090900 5.347620 44.565300
-10.304700 5.198120 57.645000
-10.454500 7.495520 -66.733101
-10.026200 6.210570 -4.982560
-9.984870 8.199630 49.685600
-10.112700 7.159860 52.346199
-11.070900 6.770260 54.109501
-9.148760 8.701560 -5.692290
-8.560250 9.606790 41.221699
-9.620540 8.509220 44.208000
-8.508520 8.544650 51.173302
-10.897900 12.158500 -11.498500
-8.455270 13.528600 38.639500
-8.882720 11.685900 44.957600
-10.895000 16.704300 -18.574800
-10.178200 14.837300 -14.634300
-9.079600 15.914400 35.917301
-8.793970 15.879100 43.157200
-8.485350 18.968700 -23.204500
-8.830720 18.133499 -20.612400
-9.072990 17.660999 30.556101
-10.716200 18.579399 34.265598
-9.537500 17.362301 39.676701
-9.722040 21.922300 -66.268402
-8.458200 22.304501 -45.768101
-10.467100 22.233500 -44.018002
-10.066600 21.603500 -39.574799
-10.719400 21.465900 -37.339699
-9.154640 21.052401 -34.700401
-9.009740 20.780001 -32.315102
-9.582410 20.507000 -30.317101
-9.793230 19.960800 -27.489201
-10.708500 20.293699 24.858700
-10.848500 20.282801 37.060001
-9.745930 23.999100 -51.310101
-8.585480 22.829901 -49.200699
-8.492370 22.532301 -47.071800
-9.054760 24.580601 19.865700
-9.449140 23.271400 37.429401
-8.607710 27.009600 -65.684898
-11.190200 27.897800 -53.988800
-9.190240 25.991501 -52.371498
-9.035310 27.917000 31.508499
-9.740780 30.318300 -56.500599
-9.632560 29.093201 -54.323700
-9.204790 30.098101 20.186501
-9.074940 29.774500 27.229099
-9.372430 30.882200 -66.037498
-9.559920 32.144699 -62.749901
-10.424500 31.200701 -59.687599
-10.017600 31.228701 22.512600
-7.308360 -31.310400 19.722601
-7.309690 -28.622200 -65.855797
-7.731620 -29.486300 16.868999
-6.891490 -30.345100 26.662901
-7.919450 -28.759600 30.299999
-8.372450 -24.348301 -66.349197
-6.083260 -22.933399 -52.657398
-7.567980 -22.493401 20.467800
-8.017250 -22.954700 35.513401
-5.757300 -23.313700 38.466702
-6.468200 -21.315399 -46.563599
-7.870190 -21.339701 -42.203201
-7.570740 -21.440901 -40.355000
-5.600750 -21.581400 -35.966801
-8.136400 -21.264500 -32.071400
-5.914710 -20.718100 -25.621201
-6.442390 -20.088699 24.233801
-8.028670 -19.795601 33.867199
-7.575630 -17.237101 -66.084503
-5.837840 -16.895599 -13.448100
-7.297490 -19.007099 30.224501
-6.120370 -17.058800 34.044399
-6.806900 -19.315701 41.249199
-6.927960 -14.958100 41.197701
-6.862410 -15.492900 46.088402
-5.701680 -11.779100 -4.450440
-6.604330 -11.355400 40.826099
-7.620880 -12.874700 43.606800
-6.617960 -12.043000 50.432800
-8.396380 -10.871900 -6.348410
-7.204910 -9.628590 -3.284410
-5.755680 -8.653020 15.600500
-6.318730 -9.294530 18.387300
-7.616140 -11.078900 49.977001
-6.159250 -7.943110 -0.137713
-5.949040 -6.538690 14.885300
-8.350500 -7.475400 20.128799
-7.460520 -8.359280 53.346401
-6.627010 -3.784760 22.441700
-7.615490 -3.426900 38.643799
-5.795790 -3.549040 56.317299
-6.891790 -1.765530 -65.632202
-7.180550 -0.006902 1.655970
-6.465530 -2.491900 17.670700
-7.015770 -2.234540 20.447500
-6.754980 -0.250474 23.716801
-5.733260 -2.378940 36.844601
-6.658190 1.906020 56.432899
-5.660920 4.865830 2.415150
-6.533620 3.373730 16.968300
-6.809890 2.877830 19.755899
-5.835210 4.181810 22.605801
-6.089210 3.918260 55.714600
-7.962440 3.356680 56.276100
-5.887190 7.517240 0.201373
-6.670960 5.839630 15.776600
-7.779000 6.162810 18.879999
-7.694400 5.748720 54.420700
-8.011430 11.004000 -6.813950
-5.682200 10.837000 37.318298
-8.217090 10.712900 48.965099
-6.613760 12.522600 -65.295197
-6.174270 13.664100 -8.767630
-6.495770 11.311400 50.397301
-6.158960 14.345000 34.120201
-7.495160 14.084900 47.189301
-6.534730 18.122700 -65.246399
-6.542200 17.629299 -18.074600
-6.577040 22.241199 -45.283001
-5.781410 21.910000 -42.572498
-7.596320 21.450399 -39.227402
-6.189890 21.048500 -36.752701
-7.180800 21.117599 -35.866798
-7.886460 20.637199 -31.237200
-7.411780 20.371000 -29.542999
-7.357440 19.695700 -25.957001
-7.760060 19.669701 26.367599
-6.234550 19.614500 43.573799
-6.818360 22.988800 -49.273399
-6.581260 22.509501 -47.332100
-7.070560 24.381100 37.568100
-6.772890 25.589800 -51.166000
-7.993370 27.000900 20.805901
-6.705330 30.789101 -56.931099
-7.265440 30.025499 -54.974998
-5.603060 28.227100 -51.774899
-6.761910 28.539600 28.559099
-5.976440 31.812799 -63.634300
-6.034430 31.321501 -58.370701
-4.476970 -30.842199 -61.975700
-4.927890 -30.277300 -59.531799
-4.680510 -28.690399 -53.955399
-4.266410 -26.460100 -52.452000
-4.783790 -25.912600 21.089300
-4.267920 -26.228600 35.284000
-2.981740 -24.467899 -64.416100
-2.962460 -23.505800 24.845400
-5.327700 -21.608101 -49.744701
-3.363080 -21.597000 -39.629501
-3.949880 -21.340500 -31.632500
-3.111890 -20.624300 -24.644400
-4.209120 -19.015800 -64.809998
-4.266990 -19.167700 -17.684799
-3.001070 -18.587500 30.088800
-3.926240 -17.245399 31.483999
-4.856620 -19.448601 44.704201
-5.421700 -14.088100 -7.800870
-4.599500 -12.266200 -64.964897
-3.415060 -12.586200 -2.996390
-5.425760 -13.755000 38.658298
-3.626020 -13.319100 51.297901
-3.375960 -9.635330 1.607400
-3.472450 -9.975630 16.960300
-3.395540 -8.645750 22.980600
-4.305130 -8.941620 38.438702
-5.447700 -9.780420 39.334099
-3.683290 -7.030490 3.825670
-5.476980 -6.567520 23.091101
-3.282080 -7.137940 55.020802
-4.673330 -4.735660 -64.850098
-5.532800 -4.516850 2.984960
-5.071820 -3.154060 14.510900
-5.006570 -4.006710 25.215599
-4.368910 -3.021110 36.504002
-4.781230 2.129140 -64.817200
-3.345030 0.540833 6.736470
-3.411920 -0.465627 12.316200
-4.371610 -0.972261 26.834801
-3.782990 1.788650 36.097198
-4.693150 2.285740 56.057499
-4.912400 4.288900 14.579700
-5.295690 6.834450 -64.916000
-4.139140 6.912840 14.707300
-5.547430 7.639490 16.946400
-3.250360 7.914720 53.980301
-4.513490 10.326900 -1.378400
-5.018270 8.507470 37.694199
-4.418060 10.735200 51.897900
-3.440800 12.527300 -3.625280
-2.825790 12.231000 50.862000
-4.215300 16.458000 -13.201100
-3.653660 16.473801 32.851101
-4.704720 16.251499 47.391602
-3.931950 19.314199 -23.863501
-4.892360 18.562201 -20.381201
-3.079410 22.304899 -47.852402
-3.831290 22.040899 -47.366100
-3.010180 21.174299 -42.010799
-5.085530 21.457399 -40.361698
-3.091710 20.481001 -36.885399
-5.204120 20.733101 -34.525200
-4.823150 20.347500 -31.009399
-4.011820 19.837000 -27.021700
-5.216400 21.147499 26.992500
-4.104500 23.863701 -64.183403
-4.163420 24.080500 -49.569000
-3.101440 22.549101 30.667601
-4.015970 22.992100 39.261902
-3.979800 26.524900 -50.327599
-5.454590 27.082600 27.536699
-4.739100 25.940901 33.838799
-3.906180 28.057400 -64.075203
-5.029560 30.372200 -54.923100
-5.467200 29.408800 -53.007999
-5.423120 31.011299 -64.483002
-3.921720 31.939800 -60.391701
-3.717740 30.849899 -56.109299
-2.026270 -30.734900 -62.152000
-2.207020 -30.120800 -55.514301
-1.724620 -29.370600 -52.886799
-0.322304 -27.810801 -50.937401
-2.182150 -26.173800 26.155800
-2.546240 -27.497000 29.730400
2.044070 -25.132700 -62.693100
-1.999680 -23.792400 -50.802799
-2.426430 -22.624599 -50.082699
-0.800647 -24.739799 36.347301
2.766630 -19.843000 -62.389099
-1.326640 -21.729099 -47.652699
1.452070 -21.107100 -45.902302
0.893264 -21.068701 -43.665901
2.478770 -20.392500 -39.545601
-0.574793 -21.324400 -36.446201
2.657770 -20.157600 -35.842800
-0.328547 -21.038099 -31.139000
1.354850 -20.546301 -28.917400
-2.088180 -20.464500 -21.751801
0.055113 -20.123301 -19.426701
-0.323881 -20.432100 31.357901
1.911710 -20.443800 36.644600
-0.017796 -21.721701 41.761700
-2.449240 -21.699800 42.709099
-0.175402 -18.653999 -63.404800
-0.334343 -19.175699 -15.478400
-2.540590 -18.080000 -13.656000
0.129567 -17.063200 -8.478760
-1.331880 -18.763100 46.457100
-1.361860 -15.296800 -63.843102
-2.720370 -15.840800 -8.220260
0.358659 -15.284600 -3.589210
-2.612940 -14.171100 35.670300
1.677280 -15.196000 38.761002
1.638710 -16.568501 47.557899
-1.030700 -14.518700 50.525200
2.214410 -13.906200 -62.567799
0.360925 -11.697300 3.184940
-2.324920 -12.383600 37.423401
1.665630 -12.065700 39.834202
-2.718060 -9.551140 -64.279701
0.877513 -9.394300 7.280420
-0.438657 -10.157000 17.269199
0.067501 -10.382700 22.531401
-1.880790 -8.496060 25.451300
-2.153820 -10.805800 38.350700
1.298320 -9.509790 39.348499
2.705190 -10.493200 52.527199
0.361833 -9.021970 54.182999
-0.481742 -7.671120 -63.454399
0.311852 -6.589590 11.120100
1.233250 -7.702190 12.599200
-1.783620 -6.794020 27.865000
0.741184 -6.710540 31.479900
-1.752360 -7.983880 37.855801
-2.482130 -3.466670 7.788440
-1.252090 -4.373050 10.419100
-2.605830 -5.375360 12.609100
0.024640 -4.495370 32.015202
-0.558601 -3.567600 36.842400
0.025511 -4.382850 56.059700
-0.992721 -1.352860 -63.537498
-2.283080 1.986300 8.351430
-2.206740 -1.947210 9.120940
-1.439920 -1.946650 30.738600
1.098820 -0.386760 33.556599
0.978129 1.892090 37.001701
-2.069540 -1.856120 56.371799
-0.539851 5.406030 9.978060
-2.512110 3.829860 11.956700
-2.411440 4.783340 25.651400
-2.110050 2.906470 28.437599
1.706400 4.023810 32.114700
2.058440 4.854330 37.624802
-0.965413 4.224620 55.688000
-0.273249 6.168460 -63.136002
-1.191310 6.032120 7.815160
0.479653 7.652170 9.135960
0.893888 6.775790 12.540300
-1.924710 7.760830 22.969101
-0.040864 6.689520 54.423100
-2.373010 10.893000 -63.822899
-1.056690 9.659590 4.487270
2.319900 10.354700 7.877760
0.427378 8.943490 18.662100
-0.745661 9.056960 21.709000
2.391100 10.071800 25.662201
1.192810 9.119660 52.660599
-0.611894 13.734600 -2.690560
2.675100 12.869700 3.288610
-2.420760 11.629000 36.919201
1.790350 13.265600 48.144798
0.207130 14.813200 -62.881001
-2.527670 15.420100 -8.927630
1.503370 16.263700 -7.761600
-1.232290 14.307300 36.005901
1.858870 14.724700 38.905102
2.271020 14.618200 45.123402
-2.728910 18.540400 -63.855900
1.915760 19.336300 -45.006699
1.812940 18.802401 -43.457699
0.419101 19.457100 -39.426102
1.519780 18.746000 -38.950901
0.243706 19.136101 -35.391701
1.876020 18.006300 -32.965599
0.398439 18.830799 -29.247200
0.529089 18.799299 -27.052099
-1.602830 19.355200 -24.861401
-1.246310 18.830900 -21.383801
-2.030240 18.213900 -17.938801
-0.934764 17.178801 -13.283200
-1.100900 18.422899 34.843800
0.066589 19.356701 40.908298
-0.806023 18.552299 43.825298
-2.669060 17.540899 46.078098
1.709880 21.400499 -62.195900
0.787356 19.854700 -45.014999
0.498965 19.757500 -44.247101
-2.622800 20.872499 -40.151901
-0.865975 19.763201 -36.477100
-1.166420 19.771500 -35.231300
-1.940860 19.695400 -29.855301
-1.713190 22.004101 36.104801
-2.695160 24.170799 -48.991402
1.708820 25.986700 -61.967800
0.437221 27.591801 -48.575001
1.969900 30.267599 -61.816700
-0.970615 30.613600 -54.403301
0.429426 30.246700 -52.211201
-1.498020 28.053499 -49.942699
-1.220130 31.942600 -62.032600
1.887040 31.827299 -58.922798
0.331713 31.274500 -56.446400
3.426990 -31.260500 -59.194099
3.566550 -29.944500 -50.948399
2.882000 -27.027000 -49.119701
4.870010 -21.847700 -61.667900
3.980470 -22.203400 -47.650200
5.095070 -21.481001 -46.624199
5.114760 -19.631201 -44.665501
3.145700 -19.761499 -27.252399
2.896450 -20.024900 -23.495001
3.797810 -19.790899 -19.334000
5.342060 -18.712500 -42.471600
5.556080 -18.116301 -38.813900
5.148220 -18.258699 -31.430901
5.461270 -19.327000 -18.942101
4.468670 -19.079201 -13.355800
3.508890 -17.910101 -8.360100
4.179270 -16.809900 -3.657020
2.877400 -16.943199 39.803001
3.197510 -17.427601 43.679501
3.780600 -14.787400 1.556230
4.020200 -11.715600 7.660750
4.335050 -12.671900 42.524502
5.042080 -12.639300 48.227798
2.914640 -10.241500 -62.290401
4.157110 -8.833900 13.966300
3.009530 -8.799270 15.269900
3.078790 -10.897900 24.663799
3.069650 -9.998900 30.056101
4.811910 -10.278200 41.468102
4.666900 -11.036100 50.691898
4.381690 -6.132780 38.431301
3.819410 -5.781490 54.881901
3.995550 -3.929980 -61.823002
5.285710 -4.428430 37.716801
2.878290 2.038480 -62.081600
5.445100 -0.184963 -61.198200
2.869680 0.161377 35.287399
2.944330 0.291550 55.808300
4.326010 3.374480 34.747501
5.141840 8.028740 18.673201
4.250180 10.049700 -61.504799
3.248470 8.607170 12.215900
4.774240 10.622700 23.752001
5.088030 10.059900 31.559999
3.905350 10.028200 40.475399
5.217320 10.824700 47.630699
4.866960 8.958550 51.107700
5.326230 12.134400 8.394690
4.474080 11.761700 43.930901
3.713920 15.597600 -61.658798
4.862380 16.793699 -42.697399
4.807870 16.616301 -40.016800
5.291130 16.105499 -39.151600
4.634190 16.438700 -36.005402
3.950190 16.680500 -31.985399
4.670970 16.416599 -27.180901
4.306630 14.789700 0.138159
3.124390 19.200001 -45.024399
3.169560 17.687500 -42.301701
3.096790 17.727200 -40.172199
3.664660 17.262800 -38.544102
4.603650 17.122000 -21.542801
4.817580 17.278900 -19.057100
4.242640 17.623699 -13.926100
5.015630 16.868500 -10.030500
5.339750 20.296000 -60.889801
3.116540 20.814100 -46.198200
5.392720 24.508900 -60.770500
3.902560 27.533199 -61.218300
3.717050 27.724899 -47.389599
3.796830 30.314301 -51.635799
2.898540 29.415400 -49.468498
4.783960 28.222700 -47.366699
4.658120 31.444201 -59.987801
2.890390 31.038500 -54.784500
5.654320 -30.966299 -55.114899
5.887660 -29.167999 -61.190899
5.746530 -28.472300 -48.359901
7.916990 -27.051100 -46.715302
7.478940 -20.475100 -45.880699
5.711460 -18.040199 -27.063900
6.287190 -18.279200 -22.919701
8.227150 -17.760000 -17.684299
7.007870 -18.839899 -14.951300
8.334980 -18.371599 -13.055900
6.922220 -18.421101 -9.798230
7.308240 -17.697399 -4.886190
7.102930 -15.865600 -60.817200
8.084740 -16.245100 -41.771000
6.896430 -16.667299 -32.290901
8.344360 -15.355200 -28.885900
6.698330 -16.293699 0.699908
7.263720 -14.224000 6.769440
5.998480 -11.491600 10.567800
5.665720 -11.458300 28.483500
6.286670 -11.643200 46.881100
6.199490 -10.432300 -61.092701
7.026070 -9.673250 15.687500
6.404290 -8.992990 17.181000
7.721570 -9.245510 20.386400
6.374910 -10.405200 23.076000
7.944270 -10.587300 34.285999
6.947690 -8.810260 41.277000
8.002590 -5.861780 -60.382500
6.588300 -7.557460 35.658798
7.345660 -6.703720 37.343498
6.505030 -7.247520 39.410400
6.076690 -2.997890 54.943501
7.176000 1.642570 54.325199
5.641110 5.113510 36.722500
6.063940 5.425190 53.496498
6.906070 5.733630 -60.637100
6.639380 8.335780 18.286501
6.374240 7.480510 39.446800
8.330400 8.149300 49.488201
7.983410 11.086000 13.998900
7.079310 10.721100 23.944099
8.096660 9.902830 34.757198
7.184180 9.009540 42.086399
8.133080 13.809500 -41.253899
7.878850 13.908800 -38.677799
8.206120 13.551100 -33.699001
7.590810 13.995300 -30.790001
5.870880 13.433800 5.787610
7.630840 14.681600 -42.259800
6.598490 15.113700 -40.258701
7.374820 14.307700 -37.268600
6.476180 14.951400 -35.349701
5.994010 15.234500 -29.380600
7.390790 14.554700 -26.513000
7.353880 15.067500 -23.009199
6.191920 16.752199 -15.429200
6.789520 15.887300 -1.553010
5.625700 17.344200 -44.161701
7.654020 27.544800 -45.602901
6.372720 30.528000 -60.104500
7.391010 30.428400 -51.011700
7.444810 29.972300 -49.084999
7.997610 28.804899 -46.535900
6.495660 31.192499 -59.716999
8.172410 31.268900 -58.769699
7.762660 31.034000 -53.569801
11.128200 -31.431499 -56.363800
10.121100 -31.111500 -51.344299
9.955350 -30.574600 -58.856201
9.215280 -30.143101 -47.991600
8.441590 -24.950100 -60.353500
8.538890 -20.463699 -60.279301
8.491260 -18.337200 -44.864700
10.801500 -17.237499 -43.886700
10.264300 -17.788300 -7.172070
9.483330 -16.171400 -42.993000
8.756490 -15.008200 -38.561401
8.596330 -15.274800 -32.985401
9.045370 -15.428300 -24.058300
10.075200 -15.440600 -20.062401
10.805800 -16.697599 2.601670
9.388420 -15.384600 6.003650
11.054000 -12.824800 -39.929298
10.832000 -13.000400 -28.312599
10.766300 -13.344000 -25.926800
9.803020 -11.556300 15.125800
9.239760 -11.303400 26.144400
9.717210 -12.349700 30.393801
9.011020 -11.797100 33.360802
9.436370 -10.944800 -59.948299
8.850320 -9.766840 44.114101
9.585340 -8.908700 48.983398
8.685230 -7.684530 38.872898
9.674560 -5.702900 52.370499
10.088100 3.422930 -59.554501
8.593920 10.256300 -59.965401
11.067600 10.710100 -40.327099
10.887100 10.551200 -38.208199
11.070500 10.736200 -34.220001
11.118000 9.962910 19.980400
10.879800 9.666490 23.510700
11.083600 10.934500 37.681499
9.643550 9.020790 39.212502
9.390090 8.993990 45.860901
8.668440 13.507500 -59.898602
10.874800 12.680300 -42.203098
8.546290 13.212300 -39.318100
9.714510 12.087500 -36.611401
9.684730 12.319400 -31.190100
10.354200 11.821200 -29.210199
10.851800 11.584700 -27.331499
10.512100 12.451200 -23.331900
11.109300 13.624900 -15.660700
9.728360 12.631500 31.825800
8.411350 14.593800 -42.719501
9.153690 14.418900 -18.453501
10.372800 14.651900 -13.593000
9.271320 16.028601 -9.416950
8.691770 16.499399 -5.586520
10.335800 15.722500 -0.571521
8.555710 14.910400 3.954550
8.411650 16.862700 -59.957401
10.081600 21.310699 -59.169300
11.012600 21.644699 -43.215599
8.521140 27.577200 -45.304901
10.990900 26.968599 -43.813801
9.301290 28.031601 -59.233601
10.623100 30.530100 -58.511002
9.298360 30.774000 -51.666401
10.971100 30.085899 -48.264702
10.253700 28.759899 -45.493301
10.793600 28.167601 -44.719200
10.382400 31.157801 -58.179600
10.167200 31.192101 -53.729198
8.679330 30.839300 -52.629101
13.774000 -30.966600 -47.808498
13.546700 -28.800301 -58.384102
13.006700 -30.025900 -45.668098
11.489700 -27.214100 -44.722500
12.901400 -22.458599 -58.804001
12.508600 -23.176100 -43.602798
11.846700 -18.344200 -59.111698
13.443100 -18.231600 -43.209099
12.357500 -16.806700 -8.005330
12.426300 -17.264000 -4.433860
13.127300 -17.144100 -0.611481
12.362500 -14.176700 -58.931400
13.173900 -15.609900 -42.976601
11.708900 -14.610100 -17.239000
13.028600 -14.255100 -14.742200
11.567100 -16.194201 -12.961600
13.641000 -16.477100 5.002010
12.609200 -14.232000 12.066300
13.022900 -13.842700 -42.307201
11.574600 -13.132100 -41.220299
11.415400 -12.111900 -37.918800
12.108900 -11.576800 -30.945101
12.211800 -12.540500 -22.443800
11.924200 -11.834600 16.618099
13.236400 -13.072100 32.916000
13.471400 -10.867400 -40.716301
13.133300 -9.581260 -38.414600
12.629100 -10.795000 -34.657398
13.960300 -9.222290 -31.158501
13.636500 -10.360800 -28.225401
12.989000 -11.079800 -26.558300
11.875000 -9.477250 21.767700
13.021100 -11.097500 39.052299
11.542700 -9.417860 42.236198
13.978000 -7.781060 47.689899
12.319000 -3.252260 -58.857498
13.445700 2.140610 -58.316399
11.358900 -0.891813 52.666302
13.081600 5.241420 49.948700
11.483000 3.521290 51.783600
11.321200 7.554080 -59.025101
13.847300 7.691480 -40.188999
13.600000 6.538500 -36.963699
13.747000 6.837140 -34.738400
13.920300 7.305830 47.413200
11.857100 9.370570 -39.426800
12.084200 9.055280 -37.038502
11.390500 10.268600 -35.402901
13.113000 8.445610 -33.040901
11.950400 10.436300 -29.366600
13.454600 9.111140 -27.253901
13.952100 9.492170 -22.416800
11.218300 9.426110 21.970600
12.806400 10.264600 41.705101
11.522400 12.672400 -42.020802
11.481100 11.513700 -41.492001
11.584100 12.122900 -20.480801
11.657800 13.384700 12.789900
11.242700 12.386800 14.955400
12.665300 12.861900 30.599199
13.564000 12.465200 37.077202
12.159000 14.239400 -58.646999
12.116200 16.250601 -42.763901
13.050000 14.368100 -41.897099
13.393000 14.638500 -5.005030
11.475600 16.355801 -1.486510
13.863800 15.235500 4.417800
13.053600 14.823500 8.745530
12.082300 18.449301 -58.614201
11.249100 16.896700 -43.214699
13.846500 21.998699 -57.778999
12.169800 22.200199 -42.634201
11.304100 23.982700 -58.675598
13.384700 23.625401 -42.036301
13.933100 25.192301 -41.938999
13.402700 26.482700 -57.814499
11.523700 25.789499 -43.116299
13.926200 30.453100 -57.264599
11.647900 30.431299 -49.637501
12.524000 29.158199 -45.339199
13.168700 28.202900 -43.746300
12.647200 31.047100 -57.201000
13.279400 31.156900 -52.730701
14.825500 -31.277300 -50.987000
16.085899 -30.416201 -56.689899
15.382100 -27.019300 -57.873299
14.648800 -20.546801 -58.136398
14.873400 -21.371401 -42.621399
16.177999 -17.349800 -41.578899
16.516600 -16.179399 -41.622101
14.755400 -15.505100 -6.835970
16.264099 -16.389200 -0.164938
15.086500 -15.780600 9.090100
15.260600 -13.490000 -41.868999
14.041200 -12.342600 -16.967600
14.952200 -13.253300 -11.995000
15.682200 -13.850200 15.219700
14.536000 -12.328900 30.083401
15.954900 -13.000300 34.417301
15.041000 -9.506430 -57.936798
14.554400 -8.696190 -39.978401
15.002200 -9.107480 -26.282400
14.628800 -10.511300 -22.490400
15.526100 -9.865180 -20.548000
16.744101 -10.188500 -14.745200
14.158600 -9.908900 24.675900
16.463600 -10.543500 27.046700
15.208300 -7.807870 -39.601101
16.566900 -7.200940 -39.180302
15.036700 -6.829900 -34.011799
15.550600 -6.437190 -31.991699
15.812000 -6.936300 -29.497101
16.706900 -6.886170 -25.498800
16.271299 -8.302230 -23.938101
14.016100 -5.480120 -58.238800
16.262300 -2.846340 -37.477001
15.912800 -3.913580 -33.624699
16.171101 -4.073170 -32.285000
16.556601 -4.213010 -30.329700
15.802500 -5.435250 49.306999
14.032000 -0.642227 -58.207401
15.045900 2.384630 -36.715302
15.786800 -2.341690 -33.987000
16.397900 -1.562000 -31.766500
15.364400 5.163040 -39.203499
14.646100 4.193230 -36.779598
14.787900 4.287330 -35.757599
15.619400 4.214410 -32.337200
16.150200 4.629820 -29.228100
14.507900 6.385300 -39.674702
16.634501 6.526380 -38.944302
14.682000 6.432400 -32.093300
14.239700 7.939040 -29.159599
15.689400 6.703750 -26.356899
15.050900 8.294590 -23.622000
16.209700 7.695270 -20.973801
15.354400 10.332500 -57.528801
15.889800 8.686380 -39.800598
16.389700 8.656260 -17.731001
15.853200 10.714600 -13.249900
15.993300 10.426500 23.101700
15.521500 9.863620 25.605700
16.444099 10.536400 42.288700
14.434600 11.796400 -40.977001
15.058500 12.628100 -9.131540
16.380699 13.988200 -1.493200
15.025200 12.316300 18.577801
16.553499 12.165200 30.372900
16.506901 13.224900 35.511501
15.655300 14.677800 -57.296001
14.352200 14.586300 -41.430599
16.657000 14.754400 12.494900
14.259000 17.308100 -57.699402
15.327200 18.120600 -41.507999
16.074699 20.402201 -56.997601
16.019501 21.630199 -40.923100
14.740000 22.683001 -41.463001
15.939800 26.493601 -56.863201
15.632600 27.593901 -42.200298
15.152200 25.684500 -41.670101
15.339000 30.631201 -49.180698
15.160100 30.174999 -46.986900
15.173900 29.260401 -44.299900
14.752600 31.182899 -56.330601
16.520500 31.270599 -55.368198
16.117001 31.018900 -51.162800
17.572901 -31.657101 -54.303799
18.743700 -30.592501 -43.783501
19.332899 -29.025999 -41.988998
18.466900 -27.589399 -41.660000
17.648701 -24.177401 -57.063999
16.817400 -25.034800 -41.838902
18.636299 -20.894899 -56.678001
18.684999 -16.897900 -56.664001
19.036600 -17.260099 -40.399200
17.294399 -14.112600 -4.979840
19.361799 -16.220501 5.634650
18.210501 -14.498000 15.064100
17.461901 -12.400400 -57.116600
19.448700 -12.665700 -39.945400
17.209999 -11.412900 21.123699
18.952299 -11.973900 31.777201
16.815201 -12.364300 39.005199
17.575500 -9.990020 -39.956600
19.269699 -9.440550 -38.954800
18.690300 -9.805080 -10.768700
19.455799 -10.671500 -7.637520
18.832701 -9.944430 26.518700
18.584400 -10.777700 41.673698
18.920099 -6.687230 -37.913700
17.610100 -7.140960 -22.135000
18.469700 -6.846610 -18.897301
18.265800 -7.857710 -16.318100
18.521400 -5.132740 -37.647999
17.240601 -4.854770 -26.778299
18.588200 -3.518310 -23.211599
19.239401 -4.761110 -19.983700
17.367001 -3.459350 49.186600
18.214500 1.052390 -56.593102
17.053600 -1.704130 -37.704700
16.959400 1.169180 -29.209299
17.622000 0.761167 -26.633900
18.447201 0.502540 -23.789499
19.469601 1.258570 -20.161699
17.693800 0.023977 48.857800
18.360701 5.312170 -37.719700
16.948400 4.726370 -25.766199
18.139500 4.138720 -22.257099
19.117300 5.449570 -17.754499
18.433399 4.164230 47.126999
16.804100 7.691510 -57.035198
17.682301 8.028040 -38.765598
17.194901 6.222790 -21.770700
18.585300 10.945500 -38.883999
17.563801 8.649470 -14.881300
19.562799 10.535900 -6.388050
18.337400 12.621000 -56.505901
18.802900 12.208600 -2.998740
19.034800 15.450800 -56.126999
18.124001 15.697500 -40.023602
17.362900 14.632100 2.840660
17.301800 15.143800 9.537340
18.971001 14.025100 16.854000
17.056601 17.637400 -56.798599
18.519501 17.365801 -39.991699
19.379999 21.997601 -55.754902
18.428699 20.970200 -39.894199
18.669100 24.974001 -55.894798
19.220501 24.498301 -39.559502
19.589701 25.767099 -39.512901
17.725201 28.194700 -56.189499
18.010000 30.620199 -55.573299
18.991501 30.657301 -48.326302
18.612700 29.978901 -45.196098
19.571100 29.769100 -43.963902
18.298401 28.174700 -41.429798
19.194500 31.022600 -53.864601
19.805401 -31.528099 -49.767899
22.053499 -31.375299 -45.075199
21.771000 -29.382200 -55.393398
21.615700 -25.377600 -39.596100
20.713499 -20.389601 -39.637001
22.283800 -17.832300 -55.525002
20.534700 -18.519100 -39.423000
20.507200 -14.588900 -39.326698
21.656000 -15.810600 -38.371498
20.574900 -15.220700 3.567110
21.150999 -15.211900 13.907900
20.101999 -11.461500 -39.286098
21.160400 -12.864900 -38.958801
20.484400 -13.820600 0.103418
20.830299 -11.873000 34.351200
21.479601 -11.380700 37.539398
20.816500 -9.140280 -37.955799
22.115801 -10.818200 -3.052930
21.637699 -10.086200 25.944901
21.080200 -7.698930 -55.785702
20.049601 -6.825530 -13.072800
21.870300 -7.024340 -8.682240
19.962999 -7.496820 45.008499
19.883301 -4.133100 -56.165699
21.712099 -5.167970 -36.814999
20.554100 -4.506980 -16.101400
22.120501 -4.955860 45.060799
22.175100 1.749100 -55.269001
21.432800 1.430610 -36.650002
19.735800 -1.665950 -20.033199
21.436899 -2.745280 -15.111100
22.251600 -0.535022 45.337200
20.213600 5.460840 -55.867001
20.416901 2.938140 -16.515900
21.037300 5.590310 -13.365300
21.761000 4.144950 44.304100
20.296101 5.649420 -37.096298
20.351200 7.622060 -11.584600
20.029800 7.436700 43.818199
20.858101 9.951500 -37.584400
20.223301 10.007300 25.872700
20.594900 9.774810 28.777500
21.368601 10.779200 36.406799
20.386700 10.060000 40.153702
20.892200 13.746900 4.383230
20.627001 12.305300 21.770700
20.774300 11.499000 33.272400
20.213301 14.166100 -38.692799
22.322201 14.620600 9.271210
21.054800 19.040100 -55.283298
20.899900 17.782101 -38.783298
21.121000 21.273001 -38.646999
20.642700 23.628000 -55.285999
19.955500 23.138201 -39.208500
21.933800 22.655500 -37.883499
22.352800 27.894699 -39.507401
22.095600 26.844000 -38.942299
21.731899 28.874500 -54.675598
21.203300 30.538099 -46.886501
21.409599 29.989100 -44.117100
21.095699 28.309000 -40.498501
22.330099 30.970200 -53.035801
20.523701 30.996401 -50.089298
24.048201 -31.303499 -53.348301
24.784300 -30.924700 -41.514702
23.187000 -29.806499 -40.692501
23.338900 -25.088200 -55.011700
22.958200 -23.291700 -38.707699
24.037399 -21.988800 -54.806499
23.862801 -18.670000 -38.174400
24.330700 -16.047400 -37.674198
22.822500 -15.826200 10.708600
23.091200 -13.811300 -55.147999
22.996901 -13.925500 -38.044399
24.916901 -12.324000 2.887160
22.759100 -13.790500 18.931400
22.659300 -11.915100 22.878599
22.995899 -9.550850 -37.263000
23.691200 -9.428180 27.567301
23.782200 -8.766200 29.910200
23.829500 -8.719540 31.290300
23.580200 -9.970660 35.323799
23.270300 -7.659840 -36.718899
24.470100 -6.477080 -36.165199
23.961300 -6.998540 41.560501
23.558599 -3.120660 -54.854000
22.619400 -4.228490 -10.875000
24.062901 -4.792000 -7.691870
22.869400 0.253706 -36.342201
22.875700 1.098980 -11.768700
25.064600 -2.111430 -7.988190
25.124100 -2.094290 41.701199
23.344000 3.560270 -36.120201
24.732100 3.907190 -7.957910
24.084900 5.098650 40.879101
25.089300 6.113990 -35.604500
24.765301 6.124510 -6.810930
25.138300 8.372080 -2.673940
23.795700 7.902000 29.977400
24.277901 7.887340 37.471500
22.935400 9.139540 -54.897301
22.746099 8.938960 -36.639999
23.911400 10.515800 -36.343498
24.000500 10.663600 0.510110
23.939699 8.854780 34.659698
22.431999 11.972900 -55.008400
22.493700 12.592800 -37.310200
24.783800 11.592800 3.351930
24.276100 13.399800 20.347601
23.011700 15.815700 -54.675999
24.389200 15.446700 -36.861801
24.282900 14.548700 16.825899
22.988300 18.639601 -37.775002
24.634001 20.672001 -53.983398
24.974199 21.932800 -36.688999
24.644300 24.158899 -53.831402
24.294701 22.844801 -37.096001
22.853201 27.221399 -54.352001
22.942600 25.954901 -38.180401
22.435600 30.642500 -53.725399
24.210199 30.553900 -46.214802
24.010099 30.088699 -43.816200
22.790899 28.926100 -40.536499
22.902500 30.816900 -48.374901
27.672800 -31.014299 -52.403801
26.618999 -31.784599 -50.015999
27.320601 -31.450701 -42.422199
26.652500 -27.018101 -37.706902
25.976900 -25.096600 -37.536701
25.709299 -20.791700 -37.232498
26.681400 -17.448999 -53.887402
27.450600 -17.443899 -36.235199
27.359800 -15.900000 -36.233101
25.847401 -15.308100 10.324000
26.974899 -13.105600 -53.747799
25.513201 -12.255000 -36.744900
26.927299 -12.035600 -35.983700
25.331499 -8.670910 -54.305801
25.462000 -9.617490 -36.243000
25.743500 -7.018920 -3.393840
25.746799 -7.803980 29.673901
26.114901 -5.834310 32.317600
25.391199 -7.729580 36.817101
26.307699 -4.656380 38.738899
25.994301 2.772600 -53.939400
27.667601 -2.107750 -34.893200
25.907700 0.647384 -6.954820
26.980101 -2.751630 33.321602
26.432301 -0.866590 38.013500
25.207399 2.656630 40.198799
26.281900 4.559930 32.997799
25.815001 5.292980 36.728901
27.500799 6.661120 -53.271599
25.744200 7.496370 -35.425400
27.324301 9.772630 -53.321499
25.456400 10.078900 -35.668499
27.790300 8.528220 0.606393
25.904200 8.450280 28.245300
27.953501 12.568700 -53.021999
25.649599 13.283100 -35.961201
26.524500 11.792100 5.407160
25.629101 13.162100 7.865850
26.500999 11.598300 24.091400
26.903601 15.061200 -35.654099
26.096600 14.705400 14.318900
26.223101 17.156799 -53.539398
27.435699 18.832899 -35.553501
26.884800 21.051500 -53.125599
26.889500 22.071800 -35.775398
25.613501 23.643999 -36.483898
25.528900 26.115400 -53.421501
26.828199 26.992800 -52.952900
25.893600 25.582399 -36.819599
27.235300 25.973400 -36.117901
25.625500 29.819599 -53.130402
26.139200 30.531799 -45.162102
27.712500 30.382900 -43.585098
26.901300 30.008200 -41.939098
27.249701 28.407400 -37.824100
26.334000 30.874399 -51.297401
25.790501 31.108700 -50.053101
27.646299 30.891600 -46.698799
28.431200 -31.661699 -46.655300
30.686199 -31.631399 -44.576801
30.415199 -31.353701 -40.238899
28.348400 -30.627399 -39.155998
28.339300 -26.315800 -53.279202
30.175501 -27.519800 -36.270401
29.631901 -25.091801 -35.809101
28.106199 -21.391600 -53.318100
28.812599 -21.158400 -35.897400
29.643900 -18.969299 -35.262798
30.092400 -15.553100 -34.874100
30.302799 -14.822700 14.676900
28.108400 -14.596400 17.171600
29.375500 -12.898200 -35.021198
30.761499 -12.426800 8.220280
28.301800 -12.917300 22.739100
29.782499 -8.717700 -52.767601
28.607500 -10.763700 -35.086399
28.649500 -9.245950 2.307040
29.977699 -10.290500 27.178900
28.291201 -5.860710 -1.694720
28.928600 -4.835160 -52.993900
29.498699 -4.900060 -34.408401
28.133301 -4.505720 31.720900
29.540400 -1.463940 -52.715599
30.101200 -2.188260 -34.103600
29.214399 -0.481274 -3.097740
28.874599 -1.581390 31.910200
28.945900 2.958820 -34.485600
28.514299 3.979290 -3.433980
28.174400 3.723770 31.385300
29.883499 5.870490 -52.441799
29.522499 8.084230 -34.238800
29.130899 7.022690 29.795601
30.468399 10.633700 6.338260
29.727400 12.459800 -34.110600
29.738701 13.531100 12.354300
29.871700 13.196200 20.857100
29.361500 16.530899 -52.453300
29.014500 16.696899 -34.837799
30.458000 14.264100 17.860001
28.062901 19.492201 -52.801701
29.622400 21.543200 -52.171101
28.954800 22.336700 -34.880699
30.099001 24.391800 -51.813801
28.404200 24.223700 -35.237202
28.047100 27.852200 -36.972801
30.551600 27.237499 -35.090599
30.135099 30.576799 -50.826698
29.171101 30.712799 -45.061699
30.545900 30.551701 -43.058102
29.725300 29.969601 -40.785900
30.725500 28.584600 -36.406300
29.695000 31.024300 -49.782902
33.277599 -31.254000 -49.586899
32.386101 -28.056499 -51.728699
32.359200 -30.477900 -37.208199
32.295700 -26.353399 -34.908001
32.605000 -23.429701 -51.695702
32.102402 -24.298401 -34.629299
31.414400 -19.915400 -34.343300
33.023201 -18.801500 -33.745201
33.155399 -16.545300 -51.579399
31.145800 -15.348600 -34.351299
33.116699 -15.342300 -33.260201
32.023602 -12.077200 -51.969002
31.860300 -13.343600 -33.795799
33.053200 -13.801400 12.423000
31.715799 -10.148800 -33.705399
33.051102 -9.957530 -33.119701
31.978001 -9.392800 5.095690
33.515499 -6.465450 3.086200
32.490398 -6.897270 30.243401
33.512199 -3.300310 -32.737400
31.659401 -5.318060 0.717902
33.373798 0.525640 -51.333599
32.327499 -1.416870 -33.217499
32.668800 -1.614460 -0.341146
31.536100 2.957680 -51.971699
31.092699 4.928640 -33.574100
32.560600 5.542740 0.767489
32.891499 3.769560 30.949900
32.390499 6.449870 -51.640701
33.079700 6.410030 -32.748798
30.878901 5.719400 -0.217083
32.124802 10.048300 -33.064201
31.786600 8.636790 4.242100
33.094898 9.151050 26.849400
31.532200 11.317600 -51.778900
31.072701 13.548500 -33.498199
32.864899 12.401200 11.339100
31.840099 11.213100 24.569700
31.927000 15.882900 -51.560101
31.478300 15.438600 -33.482800
31.222200 18.645100 -51.725700
31.278299 17.303301 -33.705200
32.888802 17.428101 -32.873001
31.166500 22.068800 -33.881500
32.983898 20.919399 -32.658001
32.480900 22.731400 -51.089401
30.834000 24.456800 -34.282902
32.301300 24.748100 -33.565800
32.081600 27.130501 -51.056999
32.058899 27.693899 -34.453602
31.177601 29.995899 -51.018200
32.691700 30.711201 -49.584499
32.189701 30.668100 -43.712299
31.334299 30.023100 -40.005501
32.001598 29.679199 -38.168098
33.006901 29.138599 -36.278900
33.068001 31.127701 -47.256901
34.598099 -31.745701 -47.487598
34.806099 -31.597799 -42.668701
34.854401 -31.499399 -39.896500
35.714500 -31.231800 -37.153702
34.341099 -29.831600 -50.525299
36.275600 -26.243401 -50.438599
35.616100 -27.820601 -34.040100
36.380001 -25.578800 -33.092300
34.034500 -24.997499 -33.951099
34.710899 -22.832300 -33.314899
33.818600 -20.749701 -51.337200
33.853802 -21.108601 -33.482300
34.236099 -19.136700 -33.133202
34.076801 -16.792601 -33.177898
36.348900 -13.435300 -31.819300
34.249699 -13.625800 20.606300
34.992802 -11.931600 24.689699
35.574699 -10.242300 -31.808399
35.095001 -10.929700 8.842670
35.600800 -7.606160 -50.661701
34.695000 -5.740790 -32.201401
33.871899 -4.455770 -51.252499
35.086399 -4.765490 -31.999201
33.773102 -3.058300 0.756446
36.064201 -1.213220 -50.407799
35.932098 0.134453 0.961505
33.872501 -2.616930 31.659500
35.974602 5.325550 -50.400002
34.503300 4.108990 1.455380
34.061401 6.840750 -32.278900
36.193298 6.204050 3.659960
35.418499 7.097010 28.406300
35.458199 9.254070 -50.472599
34.730701 8.483980 -31.957800
33.684502 10.106400 7.426440
35.665699 12.602300 -50.314899
34.156200 13.693800 15.895000
34.184898 13.871600 17.966700
36.108700 12.810700 21.008301
35.573101 11.339200 23.735201
35.436298 15.034400 -50.320000
36.131401 16.393499 -31.329700
34.143501 19.003500 -50.607498
35.187199 18.184999 -50.298599
34.763802 19.592400 -31.895300
36.030800 22.282700 -49.832199
33.681400 21.388100 -32.467602
34.985802 24.385300 -50.106098
33.841999 23.085800 -32.536301
34.912498 27.860300 -50.067600
33.621300 27.589100 -34.003300
34.090801 26.187300 -33.088402
34.611000 29.891600 -49.943199
34.506001 30.466200 -40.883900
35.225300 29.642599 -36.400002
33.758301 28.338301 -34.613300
39.183800 -31.714399 -43.906799
38.995300 -31.565701 -39.831001
36.985100 -29.373501 -34.233601
38.566502 -25.608601 -32.267300
37.136501 -23.043600 -50.219002
37.495998 -22.646999 -32.174099
37.896400 -21.106400 -31.919901
37.390900 -18.148001 -31.898899
38.823601 -16.712200 -49.606400
37.518600 -14.727800 -31.537901
36.527599 -13.249900 -50.410400
38.203899 -12.962700 -30.983400
37.483101 -13.896500 15.372500
38.571800 -13.946300 18.149200
36.744801 -9.801910 -31.309999
37.245399 -10.344800 26.730301
37.549801 -6.878510 5.498030
38.212700 -3.630770 -49.713501
36.873199 -4.181460 -31.194300
36.781601 -5.491900 30.411800
36.971600 -1.429950 -31.110300
38.127102 2.299570 -30.540600
38.908401 2.392620 2.486000
39.060398 7.160700 -30.048901
38.292599 7.349240 6.115960
37.987900 11.083900 11.104500
37.961201 9.242500 25.767401
38.317402 13.396100 18.995600
37.211399 15.877600 -30.815300
38.635300 15.306900 -30.167400
37.320301 17.247999 -49.585602
38.588799 18.736000 -30.137300
38.345699 21.361200 -49.001400
36.676498 21.189100 -31.071899
39.188999 20.855301 -29.972601
37.778702 24.490400 -49.156700
38.306702 24.649900 -30.816099
38.146900 23.455601 -30.755800
38.008701 27.061001 -48.962399
37.016800 27.658001 -32.648102
38.809601 30.663900 -47.817501
37.956799 30.151100 -37.134998
36.774601 29.336800 -35.042801
38.759300 29.175301 -33.570900
37.064999 31.181601 -47.053001
36.892799 31.057301 -43.630001
38.281601 30.852900 -41.319401
41.065701 -31.232201 -46.925800
40.154800 -31.455601 -35.882301
40.391300 -30.593901 -47.993198
40.065701 -30.382900 -33.812401
39.553001 -27.349199 -32.294601
40.083000 -23.169399 -49.116798
39.736099 -22.497200 -31.337000
41.973999 -24.095200 -30.750099
39.419800 -19.631300 -49.372601
39.201401 -20.656900 -31.207300
41.202801 -21.036501 -30.589001
39.639801 -18.947100 -30.892700
41.763599 -19.438200 -30.222000
39.275398 -16.207001 -30.891300
41.708801 -16.653200 -30.076000
40.831699 -13.478600 -48.876900
39.542099 -13.522900 -30.540100
39.642200 -12.633500 13.154100
40.546101 -12.239900 23.140699
40.041500 -8.948270 -49.120800
40.395699 -10.567700 -29.857500
40.239899 -10.832900 10.780000
40.882401 -7.170640 -29.598200
41.435299 -6.598630 6.432940
40.327599 -7.480040 28.767799
40.626499 -4.780410 4.792820
41.696800 -0.347588 -48.421299
41.965698 0.174090 2.779850
39.252899 1.926000 30.719601
39.844299 -2.113220 30.860001
39.314400 3.874200 -49.190899
41.091400 3.053680 -29.290899
40.877399 4.374490 4.237280
39.292198 5.226410 29.062799
39.365002 8.454320 -49.124901
40.050598 9.504060 -29.573500
41.586201 12.514100 15.088400
40.791199 11.374400 22.700899
39.605202 15.238700 -48.835800
40.515301 14.852900 -29.281799
40.445900 18.856701 -29.340099
41.121601 19.869801 -48.185600
40.346298 21.004000 -29.379200
40.307499 23.114000 -29.788601
39.999100 25.373699 -48.324402
39.564602 26.004900 -30.813601
41.089199 27.205999 -30.587601
39.919899 29.626699 -48.152901
41.795300 30.564100 -46.968800
39.719700 30.578699 -38.558800
40.390800 29.639900 -33.929401
41.328999 29.064100 -32.196800
39.776901 31.188601 -45.622898
39.457401 31.152000 -43.019699
41.112598 31.009600 -41.059898
42.149399 -31.692101 -41.566799
42.428600 -31.705299 -38.424999
44.089600 -31.652599 -35.618301
43.663200 -31.081499 -33.249599
42.357399 -26.020399 -48.301201
43.841599 -27.665199 -30.827900
43.799500 -24.639400 -30.131599
43.681000 -20.324301 -47.911800
44.068699 -21.136700 -29.583700
44.783901 -17.467400 -28.819500
43.773499 -16.343700 -47.859901
44.028999 -16.464500 -29.119101
44.549198 -11.702300 -28.361500
44.602200 -11.751700 12.982500
42.814499 -13.648100 17.572201
44.355900 -12.909200 20.766399
43.642101 -9.964840 -47.868999
44.679501 -10.221700 -28.266100
44.794701 -10.633200 24.622200
44.010799 -7.735990 -28.467899
42.646702 -5.423090 -48.221699
44.530602 -3.519550 -28.116301
44.783199 2.769840 -47.316799
42.045399 -2.356970 3.407740
44.662899 -0.380774 29.913099
44.597698 7.739960 -47.289200
42.529301 7.788100 7.765560
43.615101 8.290880 25.776899
44.455700 9.543890 10.061600
44.583900 11.567100 -47.221699
43.347401 11.965000 -28.243799
42.845100 12.654200 16.724400
44.310799 12.907500 19.019800
42.436298 16.431400 -47.818901
42.783901 16.304800 -28.274799
44.178600 15.794900 -27.938101
43.120899 19.280399 -28.223801
44.241299 18.405199 -27.901400
43.117001 21.614500 -28.405800
44.605000 21.245100 -27.916800
43.182999 22.942900 -47.299599
43.937599 23.520700 -28.368299
43.577900 27.789200 -47.013802
42.022202 25.214500 -29.417400
44.490398 30.281099 -46.241901
43.424000 30.525999 -36.292900
44.031502 29.464899 -31.750900
42.562302 28.264999 -30.582500
43.253201 31.093399 -45.481499
44.655102 31.156000 -40.213001
44.883701 -31.568701 -44.896702
46.687698 -31.743299 -38.480099
45.240299 -30.255301 -31.672899
46.838699 -28.773300 -30.180901
45.100399 -25.940500 -30.033800
44.859501 -24.102400 -47.494999
45.416599 -24.030701 -29.443199
45.219501 -21.437700 -29.075100
46.162102 -17.328300 -28.476700
45.798401 -16.534401 -28.574900
46.704102 -15.131300 -27.919800
46.757198 -12.196400 -46.836800
45.126400 -12.242100 -28.224199
45.773399 -12.206900 -27.967300
46.905602 -12.822800 15.554500
47.545799 -11.165700 -27.110100
46.576000 -8.929470 9.523460
47.473801 -6.074970 -26.921801
47.499901 -8.002080 26.688299
45.679199 -5.545300 6.064160
44.936699 -3.501450 29.721399
45.781502 -2.145670 -47.042000
46.189800 0.927378 -27.355801
46.095001 -2.211140 3.597250
44.842201 4.219420 -27.844299
45.993099 5.381610 27.535500
46.375000 7.668370 -27.211399
45.630501 5.886680 6.257160
46.967999 13.120200 -26.940100
46.695202 11.455600 21.570801
47.254398 14.140200 -46.184601
45.139400 15.234800 -27.592899
47.458000 18.592100 -26.876499
47.228100 21.641800 -27.047199
46.376598 25.130699 -27.775000
45.478298 27.860800 -29.176901
47.353600 29.714600 -45.607101
44.812000 28.879601 -30.382799
47.027699 31.316999 -43.181000
47.923401 -31.723101 -42.466000
48.176201 -31.870199 -35.403198
48.190102 -31.561899 -32.593700
47.925999 -28.974199 -46.306499
47.690800 -28.090500 -29.573200
49.185501 -27.628599 -28.892000
49.940498 -24.378000 -45.756500
47.653702 -24.637699 -28.738300
50.184399 -23.919201 -27.715500
48.280701 -20.282101 -46.318298
49.336601 -20.317301 -27.511900
49.253101 -19.241400 -27.392900
49.059299 -14.920100 -45.999901
47.709999 -15.221000 -27.672300
48.985298 -12.990200 -26.802700
49.465500 -13.054600 17.653000
48.557201 -9.544680 -26.524500
49.125801 -10.060900 10.853100
49.062500 -7.471930 -45.977699
48.674599 -5.863310 -26.339899
49.258701 -7.586870 7.627250
50.346699 -3.014430 -45.446800
49.428699 -3.230260 -25.979601
48.919201 -4.948960 5.370030
50.037701 -4.928670 27.959600
49.700901 1.738150 -45.571800
48.527302 2.018560 -26.258101
49.939899 1.879770 4.418070
48.250500 2.025150 28.846701
48.865101 5.564890 -26.064100
48.131599 3.180430 4.666520
48.908401 5.600310 -45.844101
49.283699 5.966510 -25.908899
49.584400 6.857790 7.003220
48.222900 8.376900 24.591801
49.281200 8.914800 -45.699402
49.884300 9.291550 -25.799700
49.869801 10.102300 10.987900
48.718102 12.942400 -26.227400
48.287201 12.197200 15.567500
49.863998 16.474400 -25.951099
48.096199 17.742901 -26.659700
47.640800 19.745600 -45.869801
48.288502 22.293301 -26.543699
48.000401 24.759899 -26.963400
48.258499 25.600000 -45.433601
47.879902 26.942699 -27.734400
48.934299 30.531200 -33.076900
50.031799 29.033501 -28.253799
49.970402 31.013399 -43.626701
48.054001 30.933901 -36.841999
50.737598 -31.213400 -43.380798
51.468498 -31.856300 -39.070400
51.251202 -31.817301 -33.812099
51.875500 -31.774000 -32.057598
52.265900 -31.257099 -30.185200
50.420399 -30.117500 -29.688299
52.598701 -27.769199 -27.701099
51.374100 -24.570700 -27.297001
52.552101 -19.633400 -44.854000
51.277802 -22.070499 -26.968901
51.559101 -18.517700 -26.443399
52.677399 -14.003200 -44.798401
52.369598 -16.517099 -25.774200
51.984001 -12.623200 -25.547400
52.960098 -11.317900 -25.121201
50.721100 -11.729200 13.251000
52.333599 -12.060600 20.846701
52.752998 -9.726130 -44.761299
51.373199 -9.647260 -25.428200
51.200199 -8.608730 9.273610
51.745899 -10.620700 23.071100
52.815601 -7.489590 -24.983101
51.226501 -6.313010 6.487750
52.031399 -3.083850 4.486680
50.946098 -0.747061 -25.414900
52.198002 2.574480 -24.917801
50.816101 -2.599610 4.590780
51.941101 -2.768630 28.202400
50.574902 5.565220 -25.544300
52.421700 4.525470 26.377300
51.200802 8.059000 -25.236300
50.527500 9.831460 -25.582001
52.082699 9.757900 -24.884399
52.574699 12.981100 -44.422600
52.647301 13.034500 -24.738300
52.471802 11.576200 13.401200
51.700199 12.321100 18.376600
50.776600 15.642800 -25.604500
53.043900 15.289700 -24.645100
53.045399 19.292999 -44.033401
51.675098 17.748199 -25.362101
52.932400 17.031799 -24.855900
51.480598 20.916100 -25.435499
52.917702 21.172600 -24.796301
52.272099 23.979300 -44.103802
51.011600 25.015600 -25.889700
52.272999 23.126400 -25.192801
51.796700 29.485600 -43.995800
51.250999 28.148500 -26.972200
51.028099 31.362700 -39.576401
51.843102 30.898199 -33.856400
54.999401 -31.869900 -37.314701
54.393299 -31.936300 -33.720001
55.318699 -30.937000 -28.725401
53.979900 -28.378500 -44.361000
53.990601 -29.997801 -28.315701
55.012299 -27.819401 -26.831200
55.543800 -23.268999 -25.621799
55.415901 -21.729300 -25.308399
55.666901 -20.566200 -25.087500
54.690399 -18.808901 -25.305099
55.217800 -17.067301 -24.905001
53.435299 -16.148100 -25.306101
54.336601 -14.679500 -24.711901
54.244900 -13.910600 -24.757000
55.334400 -12.302100 14.920900
54.022202 -10.414300 -24.733500
54.340900 -9.331900 9.353620
54.630199 -11.026300 12.122400
53.613998 -5.917420 -44.446800
54.674801 -6.624820 25.876499
53.339600 -5.445090 -24.766399
54.378502 -5.440200 5.602000
53.978001 0.897160 -44.170700
54.834400 0.742776 -24.091999
54.573399 -2.580950 3.630990
54.246899 2.069790 27.200300
53.857800 3.645280 4.401650
53.391201 5.802260 -44.290699
53.671200 6.074340 -24.344400
53.683498 6.014270 5.893360
55.084599 7.801650 23.256901
55.310200 8.481410 -43.532101
54.756199 10.917900 -23.989000
54.709099 8.564570 8.149150
55.397900 10.550100 10.897700
54.417801 11.192300 19.944000
55.930599 13.992200 -23.436701
53.932800 12.148600 15.457900
54.097198 14.338400 -43.790501
55.332802 14.873900 -23.844900
54.260601 19.304600 -24.420099
55.488602 22.371799 -23.907900
55.957901 25.098801 -24.051300
53.403400 25.934000 -25.234501
54.532101 30.048000 -43.002300
53.396900 30.702600 -31.029499
55.595699 30.312401 -28.439600
53.640701 29.118099 -26.917601
55.985901 31.513399 -36.722099
56.835999 -31.297001 -41.409401
56.315701 -31.865200 -36.027500
56.487801 -31.854900 -30.892900
58.368000 -31.629601 -28.888500
56.224098 -29.893200 -43.222599
58.306599 -30.375999 -26.996599
57.794102 -27.847200 -25.733000
57.230598 -25.329901 -25.168501
56.778900 -24.436501 -43.387798
57.912899 -23.400101 -24.616199
57.334301 -19.828400 -43.225101
58.637798 -21.152599 -24.199499
58.355099 -19.120899 -23.891800
58.301102 -15.056200 -42.888401
58.098400 -15.321000 -23.579500
56.189999 -13.168400 -43.676701
57.498100 -11.215900 -23.554600
56.723301 -12.629100 18.018700
56.928799 -11.260800 20.899300
58.058498 -10.076200 -42.893700
56.401001 -9.047780 -23.823099
58.554199 -10.213500 10.345500
56.589500 -8.952960 23.566200
57.243500 -5.967790 -23.428301
57.995701 -6.159400 4.998720
58.591202 -3.611170 -42.645599
56.596901 -2.948890 -23.573200
58.239498 -2.991430 2.491740
58.346298 -3.703230 26.332701
58.307400 0.391300 -42.680698
58.536400 1.249390 -22.690599
57.391602 -2.789310 3.012780
56.841400 -0.911755 26.931499
57.566799 3.145400 -42.902901
58.224998 4.066020 3.180320
58.594898 7.691640 -22.473000
58.322399 7.443100 5.707210
58.401600 9.433110 -42.532299
58.243198 10.791200 -22.520100
56.992802 12.135300 -22.980400
57.351799 12.201800 16.994499
56.390301 16.535400 -23.538500
57.050098 17.117599 -23.374500
58.187599 19.739700 -22.979700
56.067299 24.315300 -42.754799
56.806702 22.951401 -23.461300
56.284000 26.614700 -24.339100
57.869999 30.115601 -41.834900
56.023300 29.601299 -26.422600
57.513802 28.907000 -25.094000
56.167099 31.365499 -40.566898
56.601002 31.127501 -32.668999
58.794998 30.857401 -29.398899
59.794998 -31.577700 -38.753502
59.557701 -31.971901 -33.853901
60.188999 -31.243000 -27.429899
59.918900 -30.444201 -40.996399
60.763901 -29.889601 -25.795500
60.023399 -28.302500 -25.187401
61.217899 -27.886499 -41.903099
59.251499 -26.795900 -24.910200
61.501900 -24.411600 -41.825199
61.182400 -25.174101 -23.768801
61.215099 -20.743900 -23.224001
60.979401 -17.842899 -41.973000
59.363701 -19.549400 -23.620501
60.859200 -15.927400 -22.707899
60.547298 -11.446200 -42.084999
61.309898 -13.593800 -22.535801
59.302700 -9.188600 -22.787701
60.977501 -10.988600 -22.339399
61.588402 -6.136130 -21.810101
59.844898 -8.308410 7.242600
61.595699 -7.095560 23.646400
60.762699 -3.865460 2.513410
61.052502 -1.643100 1.163210
59.025600 2.427050 25.890400
61.420601 4.293640 -21.508499
61.483700 3.717930 0.638658
61.066002 6.293870 -41.620998
59.119598 5.712550 -22.317900
61.571400 6.742330 3.403550
60.905201 5.870390 23.466400
58.981300 9.157360 -22.333401
59.764999 9.828640 8.076280
60.733799 9.312320 20.755199
60.001202 12.476200 -41.820499
58.914902 12.968000 -22.331900
59.444500 11.886200 12.529600
61.243900 16.145700 -21.918699
58.898399 18.033701 -42.026600
59.105900 17.254801 -22.674900
60.883202 21.972700 -41.168499
60.094002 22.245501 -22.405199
61.487801 21.028500 -21.867100
58.849499 25.129999 -23.027500
60.894001 23.655300 -22.155800
60.628101 26.608700 -41.070301
59.067699 27.451900 -23.644501
60.341000 30.403400 -40.742298
59.149300 30.128500 -26.268700
60.953201 29.679100 -24.698900
59.247299 31.555000 -39.822201
59.423801 31.423000 -34.181599
63.233501 -32.018101 -31.255100
63.754200 -31.675400 -27.350599
64.193100 -30.040899 -24.803101
63.532299 -27.850599 -23.740999
63.945702 -23.967800 -22.722099
63.407101 -20.938000 -41.189899
62.835701 -21.913300 -22.808701
62.517101 -18.357201 -22.451401
63.512699 -17.710600 -22.107500
62.778301 -14.111000 -41.352402
61.994701 -16.483200 -22.567801
63.878899 -16.394800 -21.933201
61.973598 -13.049700 -22.334200
64.386902 -12.201900 14.411800
62.927200 -11.204200 19.449100
63.597099 -10.980200 -41.026299
61.984100 -10.553400 -21.705299
64.118401 -9.624870 7.560910
64.076401 -10.652300 10.154300
61.733700 -5.776290 -41.593601
64.245399 -7.569150 -20.765200
61.780399 -5.688470 3.151390
62.958801 -4.988910 -21.199699
63.717499 -3.989900 0.637236
63.150799 1.180520 -40.962299
63.329601 -1.457810 -21.000099
62.628300 0.987911 0.138117
63.012798 3.867250 0.131415
62.591900 10.554900 -21.123100
63.996300 9.357140 5.285080
62.261002 13.375400 -21.271500
63.088501 11.553900 10.431100
62.381802 12.125300 13.420700
63.334301 11.811700 16.971100
62.336899 15.823100 -40.907902
62.959702 14.465000 -21.179399
63.936401 18.889099 -21.223301
62.470798 21.887600 -21.600100
63.160599 25.171600 -21.609800
62.974098 27.945000 -40.269901
64.017998 30.641899 -39.245399
61.756199 30.491600 -26.500999
64.201401 28.758900 -22.607201
62.293499 31.246300 -38.680801
63.288200 31.486300 -33.432598
63.313202 31.082300 -28.983999
65.328201 -31.532499 -37.675900
64.555801 -31.899799 -34.103100
66.331802 -31.943501 -32.107700
66.597504 -31.969400 -28.759001
66.014999 -30.300200 -39.438801
66.101097 -29.006100 -23.603399
66.222198 -27.284500 -22.752001
65.953796 -25.061501 -40.293201
64.539001 -25.033800 -22.620600
65.109901 -23.616699 -22.369400
66.961700 -21.044901 -21.273001
66.740997 -17.854000 -39.914299
65.583000 -18.811001 -21.551300
66.217903 -14.338700 -20.829201
66.646500 -12.583900 -20.772800
64.728699 -11.656500 12.070200
64.634697 -11.106000 -21.251400
65.202202 -8.203940 -40.387699
66.597801 -8.050590 -20.153200
65.223000 -7.998470 3.564570
66.698097 -5.099400 -19.627501
66.741898 -3.263010 -19.417200
64.719299 -3.450300 -0.544771
65.946602 -3.191210 24.278200
64.517097 -2.095870 -40.541801
65.985497 -2.162560 -19.801701
67.065498 -1.964280 -19.230600
67.184601 0.779384 -4.085750
66.291901 -2.235870 -2.588060
65.195396 -1.283680 24.672100
65.718399 4.349880 -19.978399
66.880203 3.905410 -19.503401
64.470901 5.003100 -0.027725
67.031700 4.625230 22.499500
64.879204 5.958760 -40.293098
65.831200 6.807090 0.652563
64.925201 8.326520 2.874840
66.346703 7.357780 20.947100
66.638496 10.217100 -39.585701
64.661903 9.119340 -20.369499
67.068703 10.028900 4.044650
65.056198 10.651700 6.980530
64.765800 12.900900 -40.201099
66.542297 12.986000 -19.705400
66.270302 12.358100 11.617200
65.197304 12.209800 15.295400
66.830299 16.496700 -20.406099
66.987396 18.314600 -39.282299
65.323402 20.434200 -20.733200
65.110199 24.507799 -39.619400
66.380997 22.691200 -20.463100
67.140900 26.577200 -38.929699
65.696701 25.372499 -20.799200
64.835701 29.769501 -39.467701
65.056900 29.710501 -23.127300
65.498001 31.596100 -34.923100
66.223297 31.220501 -29.390100
69.088402 -31.646601 -25.538900
68.155197 -31.188499 -24.847200
69.602203 -30.500299 -23.529699
68.929398 -26.528200 -21.699301
69.593002 -22.511801 -20.759800
69.460098 -20.293800 -20.371000
67.586601 -19.597099 -21.030300
69.671097 -15.354500 -20.121300
67.567001 -12.797300 -39.607498
67.879204 -13.718900 -20.458300
69.762199 -11.309000 -19.548599
69.595703 -11.518100 17.087700
68.265297 -9.815000 -19.826000
69.331703 -8.833890 -19.359301
69.348099 -9.654330 2.697460
68.779404 -9.770700 4.030100
67.920197 -10.797200 7.967780
68.563698 -8.781830 20.167801
69.213799 -7.245560 -19.143400
67.218803 -7.550820 0.987701
67.774696 -6.623340 22.015200
67.945999 -5.200230 -39.459000
69.806099 -5.379660 -18.488001
67.767097 -4.770950 -2.859410
67.855003 2.370980 -39.286999
69.830299 -2.638180 -17.711599
69.015297 -0.893352 -6.600230
68.152298 -1.304040 -4.864120
69.764000 5.378320 -18.280600
69.672096 3.491260 -5.643330
69.754402 4.953980 -4.708370
67.292397 4.925770 -2.481220
67.201897 7.382730 -19.438801
69.304100 5.604640 -3.653670
68.975502 6.536730 -2.448360
68.512802 9.792180 -18.963499
67.380699 8.418110 1.339730
67.798698 10.076700 18.214800
69.539001 13.286200 -38.574299
69.370399 13.847900 -19.129801
68.974998 12.319800 9.189470
68.849098 12.353700 14.276500
67.525101 19.474400 -20.148399
68.343002 20.698799 -19.802999
69.442802 24.191900 -19.477501
69.628601 26.750999 -19.846600
69.848000 30.155600 -37.700500
69.682198 30.288000 -22.440901
68.817497 31.421900 -36.192101
68.554497 31.578100 -31.421600
69.874298 31.137100 -26.104099
70.972900 -31.270300 -36.847000
72.122200 -31.650499 -35.138000
71.333397 -31.986900 -31.411100
70.709702 -29.386600 -38.405998
70.334801 -29.224001 -22.355400
71.607399 -27.351500 -21.158001
71.522102 -24.450001 -38.467701
71.579300 -24.640200 -20.525801
70.602303 -20.610600 -38.698299
71.811096 -22.296499 -20.060301
72.653900 -20.390301 -19.489401
70.373398 -18.800100 -20.027599
72.131699 -18.162300 -19.488300
72.352303 -14.490100 -38.028099
70.580299 -16.350000 -19.753099
72.568497 -15.005400 -18.911900
72.767197 -13.880400 -18.744101
72.034203 -11.888000 7.792620
71.443901 -12.437400 11.669500
72.798500 -8.579800 -17.005699
70.959602 -8.959580 -0.590768
71.367897 -8.285530 -38.255798
70.462303 -7.115460 -18.533600
72.580002 -5.715340 -14.940400
72.669800 -7.095540 -7.138750
71.439301 -7.771470 -3.610310
70.346901 -5.034910 -17.899500
70.712303 -3.305560 -16.718000
72.711197 -4.943530 -12.776400
71.809898 -3.538190 -10.337300
71.967102 -5.410100 -7.683200
72.521103 -4.174650 21.611601
72.024002 0.506480 -37.877300
70.474098 0.333830 -17.007200
70.433197 -1.092740 -16.766001
71.566803 -1.886760 -13.474100
70.917397 -1.789580 -10.240400
70.024597 -2.604100 -7.214260
72.701897 5.007830 -37.552200
71.518501 5.147850 -16.434900
72.085602 3.328100 -11.806500
71.463203 3.474620 -8.928650
70.752098 5.542470 -5.509500
70.785103 6.799600 -17.713200
72.168503 5.706130 -15.651900
71.405502 6.322350 -6.016340
71.621399 7.684370 -4.026130
71.765297 7.045290 19.473101
70.631104 8.412290 -38.207699
71.671898 9.296160 -17.642200
72.166100 8.663160 -2.778980
72.485199 12.041400 -37.574600
71.391998 12.371500 -18.195801
70.632599 11.449100 4.221890
72.417198 12.622500 8.065080
72.698196 12.630400 12.724200
72.566002 11.482100 15.060600
72.232101 16.210501 -37.504101
70.315300 15.773700 -19.166700
71.683701 19.211500 -18.766300
70.008202 20.325600 -19.209900
70.305603 23.256599 -37.901402
72.157204 24.626699 -18.568800
70.780197 26.417400 -37.700298
70.345802 29.606199 -21.215401
72.491798 30.832600 -36.505001
71.875702 31.383900 -27.734100
73.894203 -31.959101 -27.860300
73.744202 -31.226200 -23.330601
74.596397 -28.481501 -20.702400
75.204803 -21.733101 -37.111599
74.955803 -22.187300 -18.999800
73.650002 -18.756701 -37.671799
74.222298 -19.277500 -18.774799
74.324600 -14.948100 -18.382900
75.115700 -12.862400 -17.314199
73.954300 -11.217100 1.895490
74.704803 -12.005500 4.449160
73.314400 -12.288200 13.480300
74.664398 -10.279100 -16.087200
74.223503 -8.623240 -7.141190
75.287003 -9.689940 -5.137870
73.019501 -10.306400 0.255519
74.724503 -10.968300 16.017700
73.760300 -8.052760 -15.097100
74.081902 -7.333960 -12.875200
74.857498 -8.297270 -10.116900
73.037399 -7.885450 -5.864400
75.370399 -7.273860 18.888000
74.486603 -3.113560 -37.116501
72.820900 -4.721620 -11.202700
72.853203 -5.306750 -10.407400
74.056900 0.321194 21.483999
73.004997 4.838070 -11.783900
75.119102 4.282180 20.001101
73.408600 8.291050 -15.807600
74.179802 7.147730 -13.077100
74.749901 7.731420 -9.388370
73.939598 8.136960 -6.659850
73.182098 9.758680 -16.820499
74.875000 9.013180 -14.540500
73.086304 8.453860 -5.218580
74.483002 10.504400 -2.586350
73.332100 13.262500 -17.419701
74.080704 11.328700 -0.035942
75.122597 12.701700 4.346680
75.397598 12.592200 12.000300
74.396500 14.577400 -17.076300
73.271202 18.751900 -18.271999
74.159897 19.786400 -36.757198
73.114403 22.228800 -18.348801
75.404602 23.184999 -36.247601
74.757500 22.916599 -17.696501
74.311996 26.897699 -18.335199
72.844597 29.024500 -36.955601
74.860397 30.354700 -20.594801
72.968803 31.769699 -32.247700
75.264603 31.205400 -24.180401
75.640900 -30.172600 -36.330399
77.258202 -30.660700 -21.585501
75.727203 -26.751101 -37.055500
75.944801 -27.583700 -19.935499
76.681396 -24.919500 -18.854700
78.130600 -20.353600 -17.697100
76.420601 -19.547899 -17.997299
76.273201 -15.770400 -17.603500
76.091202 -12.661100 -36.692699
77.239700 -11.513600 -14.231400
77.902802 -11.221100 -8.948630
77.043999 -11.576100 -1.582940
77.700699 -13.084700 9.300490
77.521698 -12.246600 13.278300
76.165901 -11.056400 -14.834700
76.057999 -9.856080 -12.816700
76.484100 -10.190700 -7.250280
76.338501 -10.985100 -3.532990
75.811996 -7.007030 -36.748600
77.912300 -5.080320 19.225401
78.366501 -0.511157 -35.714100
76.984398 -2.221570 20.427401
75.673302 2.971770 -36.604801
75.785599 7.381570 -36.521900
76.487297 10.959000 -36.188599
76.315598 10.257800 -13.481200
77.063301 10.022700 -10.208500
77.141502 10.301000 -6.645180
75.895798 10.220800 -5.373500
77.864403 9.400000 15.597500
75.818298 12.544200 -15.942500
77.709503 11.327900 -12.174600
77.906403 12.079700 -3.144870
75.914001 12.481000 1.626090
76.911400 13.107000 6.791000
76.600304 12.825400 10.288200
75.729401 16.030701 -36.409500
77.081398 14.829300 -15.909500
76.364899 18.709000 -17.040001
77.639099 17.309099 -16.407000
76.900200 22.611099 -16.940800
75.623596 25.547701 -17.528700
76.794197 28.505501 -35.631599
75.768204 29.231899 -18.837900
76.653801 31.424601 -34.359901
77.384903 31.461100 -27.244301
79.863297 -31.084900 -33.995602
78.513397 -31.643600 -32.943199
80.088402 -31.845501 -27.638201
78.428001 -31.568199 -23.061899
78.568604 -29.328899 -36.199100
80.203697 -25.939100 -18.055799
79.475800 -23.895000 -35.710602
81.172600 -22.911100 -16.915001
79.602097 -22.019501 -17.403999
80.698196 -20.073099 -16.581301
79.806297 -18.631201 -35.525700
78.904503 -19.230200 -17.005699
79.211800 -17.624599 -16.673100
78.672897 -15.264700 -35.876499
79.276001 -15.715900 -15.967600
80.587997 -14.487200 -13.358600
79.611801 -13.498900 -12.764000
80.413399 -12.775000 -9.684120
78.408096 -11.287100 -7.377410
78.614502 -11.887600 -5.150220
80.128700 -13.032700 -2.157180
78.440399 -13.255600 6.372790
80.886497 -13.091100 10.668000
80.648903 -9.228030 15.510100
79.093903 -6.569930 -35.546101
79.947800 -2.053530 -35.246498
80.802498 5.456060 -34.702000
80.905502 2.959070 18.182800
80.238197 6.638640 16.702499
79.294296 13.553900 -13.014600
78.480499 11.246500 -8.787450
79.278297 11.995700 -6.337030
80.055298 13.556400 2.041300
79.768997 13.502400 5.917330
80.729500 13.109200 8.747670
80.586998 11.884200 11.889400
79.942902 14.536500 -34.898899
80.446701 16.762800 -14.515600
78.697098 19.589100 -35.211102
78.423302 18.929001 -16.177200
78.963203 22.114500 -16.042999
79.309402 23.357100 -16.119400
78.980400 25.313400 -34.903599
80.533997 26.798401 -16.178400
78.854202 30.428499 -19.158501
80.156898 31.740299 -30.152000
80.626099 31.052099 -21.666201
83.774399 -31.581600 -30.610600
83.520302 -31.447399 -22.568501
83.869698 -29.451200 -33.935001
82.432701 -30.793301 -20.330900
81.424797 -29.085501 -19.048300
83.119598 -25.663500 -16.989100
83.097000 -23.267099 -34.478001
81.599403 -21.566500 -16.635900
81.964401 -17.360701 -15.117600
82.702499 -14.025300 -34.387299
82.381897 -15.545200 -12.635700
81.907501 -14.114500 -9.821490
83.536797 -14.422600 -5.278570
82.326103 -13.991500 0.215532
81.940498 -13.980600 5.389430
83.117599 -12.237200 11.633600
81.346901 -11.013400 -34.822300
81.671402 -7.618690 -34.700100
83.593300 -7.324340 15.708100
82.777000 -3.226130 17.774700
83.727402 -0.656383 -33.876900
81.705299 0.234926 18.282101
81.433403 2.982570 -34.581100
81.276299 10.397000 -34.470402
83.769203 13.980300 -33.646999
82.063599 13.874500 -3.714260
81.771400 13.702200 -0.667968
82.985199 16.044701 -11.626000
83.399002 14.763400 -8.409270
83.618599 14.584600 -5.255280
83.568001 18.175501 -12.966100
82.917900 19.609699 -33.760502
81.225700 20.459499 -15.107700
83.794701 20.509600 -13.847600
82.873398 23.471901 -14.705700
81.652298 26.393000 -34.022400
82.124100 28.274500 -16.048599
81.577202 30.955601 -33.546398
81.666199 31.399000 -24.963400
83.989403 30.991899 -19.679600
84.125000 -31.646700 -26.893600
85.772400 -30.786699 -32.243099
86.274002 -29.509600 -17.911400
84.840599 -27.163900 -33.961498
85.459999 -25.438400 -16.219801
84.531998 -23.547300 -15.979400
84.784798 -19.667500 -14.717200
84.499100 -18.066999 -33.937500
85.784599 -17.847700 -12.648600
84.995903 -15.536700 -8.682050
84.833801 -14.564000 2.520460
85.022202 -13.944900 7.245000
86.321503 -13.408900 8.733270
85.341301 -11.125100 -33.467701
86.402000 -11.110700 11.648000
86.681999 -6.577750 14.434600
84.744301 -4.137310 -33.488400
86.629601 -4.035230 15.756800
85.028603 2.254180 -33.393200
85.527901 5.579810 -33.155201
85.697899 3.009620 15.921300
85.230904 9.709610 12.499700
85.530998 16.076599 -8.265950
85.213600 15.120700 -3.539860
84.776398 14.716600 2.595750
86.530800 18.265600 -10.539900
86.304199 20.861000 -12.549800
85.191902 26.000099 -32.861801
86.441803 26.185400 -13.865500
86.399200 30.291500 -32.201900
84.684601 29.498100 -15.923500
84.508797 31.535400 -31.700199
85.197502 31.597300 -27.324699
87.075401 -31.316700 -24.437201
87.531601 -30.678900 -19.351601
88.599197 -27.811600 -16.174500
88.283997 -24.184900 -32.679699
87.436897 -24.528700 -15.246900
87.441498 -20.925900 -14.116700
89.111099 -21.064600 -13.468000
87.559700 -18.135099 -32.834301
87.783997 -17.887600 -11.260000
89.572502 -17.865101 -9.944090
86.880798 -16.157101 -7.870080
89.219803 -15.646400 -0.780970
89.416000 -14.352700 5.403050
89.477600 -13.212600 8.070200
88.069099 -9.740890 -32.497101
88.455498 -9.027340 12.513100
88.538902 -5.925900 -32.230400
88.157700 -0.677971 -32.278400
89.555901 2.733510 14.052300
87.741402 4.069640 -32.276100
88.251404 5.993210 13.420800
87.380699 9.396450 -32.407101
87.792198 13.749900 -32.203800
87.149696 13.260400 8.130250
87.339600 16.211201 -5.472260
87.374496 15.597000 0.326553
86.930099 14.610600 5.096030
86.916298 18.223499 -32.404202
89.518204 21.249201 -10.844800
88.129097 22.870300 -31.893299
88.859398 27.686800 -31.546900
89.281403 27.938000 -13.593500
88.468002 30.472099 -16.730000
89.422997 31.556999 -29.391300
87.586304 31.150801 -22.382299
91.052101 -30.974800 -28.687000
91.032997 -31.097700 -25.347401
91.343399 -30.839199 -22.578300
89.803497 -29.670200 -31.490000
91.582100 -29.256001 -16.653900
91.658501 -25.704399 -14.306700
90.108398 -23.142401 -13.914400
91.299400 -18.807899 -10.205800
90.468102 -15.938200 -31.787201
90.229103 -16.745899 -6.663140
91.484703 -16.534800 -3.828860
89.781799 -12.704100 -31.975599
91.094200 -3.949470 -31.375999
90.961700 0.061448 -31.271200
91.868103 4.530630 -30.889000
89.812500 7.421210 -31.538200
91.367798 12.029500 -31.030001
89.652496 12.270900 8.576350
89.705902 16.717800 -2.973730
91.825302 16.140900 2.486810
90.796204 16.809401 -31.143101
90.708801 19.552200 -8.547650
89.618797 17.539900 -6.233740
91.269501 25.342400 -11.584400
90.976997 29.344500 -14.135800
91.152199 31.221001 -24.149500
91.815804 31.090900 -20.897499
93.134804 -30.239401 -29.616501
93.484901 -30.333799 -19.925600
94.689499 -29.741800 -17.326200
94.266800 -26.784500 -30.665701
94.362900 -23.121201 -12.196200
94.992996 -21.389099 -30.317600
92.881599 -21.196699 -11.593200
92.939003 -18.572800 -31.006100
95.056900 -19.314501 -8.761190
93.047897 -17.949699 -7.504260
92.422096 -15.732100 0.351539
93.552597 -15.143800 3.057030
93.751503 -13.992500 5.223430
92.676201 -11.233800 8.714550
93.192299 -9.725030 -30.694901
92.848000 -9.402890 10.068700
94.668602 -6.590670 -30.108801
93.282997 -6.485850 11.382900
92.418800 -4.176390 12.636800
94.232300 -1.737820 -30.175100
92.635399 1.006650 12.655200
95.056396 7.726240 -29.781099
92.958900 8.601160 9.765820
94.722504 12.109100 -29.853500
93.789597 15.435100 4.004830
94.683197 19.493799 -5.742740
94.467796 17.953501 -2.399560
94.128304 20.986500 -29.946800
93.278099 24.147800 -30.190201
94.277802 22.425699 -8.839560
94.094498 30.286100 -29.563101
93.733704 30.261200 -17.205099
94.735901 31.069700 -23.712900
95.580399 -30.536100 -24.785700
96.475700 -28.803200 -15.227500
95.846901 -27.318800 -13.833900
97.907501 -21.118999 -9.033060
96.944901 -17.060600 -2.311100
96.722504 -12.674500 -29.514400
96.590698 -12.523700 5.762380
97.010498 -10.627200 7.173700
97.500000 -7.187550 8.872620
97.084801 -3.214670 10.318700
96.152199 2.170750 -29.406000
96.885597 -0.057690 10.350000
96.237396 3.949080 10.191800
97.170403 9.469760 7.266730
95.509300 13.759000 5.247560
96.843201 15.762200 2.752360
95.485397 17.035299 -29.590401
97.457001 17.820801 -0.418342
97.606796 20.083200 -4.813910
96.351997 27.929100 -11.710800
96.350197 26.310801 -10.345100
97.870399 28.438900 -13.003000
96.982101 30.898001 -27.116600
98.953903 -28.318199 -28.955700
98.748703 -29.855499 -27.456499
98.139999 -29.601101 -19.499100
99.957100 -28.784500 -16.612101
99.120499 -26.714600 -12.542900
99.330498 -23.447500 -10.321700
99.433899 -19.771500 -28.719500
100.490997 -20.105600 -6.654040
99.193703 -18.091900 -3.908460
99.241898 -15.765000 -28.693100
98.249298 -16.280500 0.077332
99.720802 -13.663700 3.303660
98.975601 -8.868490 -28.625500
98.050301 -3.242180 -28.890200
100.540001 -1.178600 8.072180
99.106903 5.719070 -28.330099
99.387604 12.307500 -28.223101
99.318901 14.294200 3.078880
99.125603 19.908899 -28.259800
99.374001 22.908501 -7.100620
98.865997 25.857000 -28.239201
100.039001 26.105801 -9.610610
100.621002 29.904301 -26.775400
98.869400 29.637300 -19.808500
100.362999 28.450899 -15.445100
101.221001 -29.479200 -24.537300
101.255997 -28.989599 -21.680000
103.478996 -27.555700 -16.271200
101.888000 -27.126600 -13.164200
101.940002 -23.190701 -27.955099
103.157997 -23.983900 -9.428550
103.573997 -19.879200 -27.293301
102.379997 -16.055401 -0.179194
102.572998 -11.671800 -27.449400
102.400002 -12.683200 2.951020
103.146004 -6.969010 -27.143499
101.943001 -7.121620 6.316010
101.433998 -4.266360 7.432290
102.652000 -2.715850 -27.265200
102.313004 1.829630 6.796040
101.126999 5.283660 6.752670
101.500000 8.843840 -27.447399
102.785004 11.329200 3.092320
102.876999 15.588700 -26.982500
102.350998 19.542101 -27.050699
102.108002 18.959801 -2.470050
100.976997 20.741199 -4.608470
101.744003 24.904800 -27.176201
103.328003 24.142500 -8.153520
102.967003 26.211599 -11.280700
100.831001 29.105301 -27.329901
101.523003 29.955400 -25.046000
102.912003 28.666700 -20.205999
104.488998 -28.087700 -22.029699
103.763000 -27.374100 -27.252199
104.446999 -27.950899 -24.824800
105.721001 -26.189400 -15.283400
105.914001 -24.988800 -11.948200
105.870003 -23.904699 -9.801970
105.211998 -21.303200 -6.716700
104.049004 -18.198900 -3.198970
104.961998 -14.400600 0.261812
105.082001 -9.531620 3.132300
103.878998 -6.484650 5.212200
106.185997 -1.383550 4.299480
105.773003 4.306190 -26.025900
105.569000 8.428020 -26.136900
104.657997 8.820400 3.114390
104.334999 11.527300 -26.523199
106.300003 19.018999 -4.671770
103.949997 16.805599 -1.278120
105.589996 22.160200 -25.866699
105.870003 24.396700 -11.048600
105.761002 27.379601 -18.741301
105.049004 28.249300 -25.849701
106.136002 28.714300 -23.657101
107.462997 -27.047701 -25.259001
107.138000 -26.584000 -22.594200
107.940002 -25.828400 -19.419500
108.893997 -24.780500 -17.517900
107.098999 -20.213900 -25.964500
106.783997 -21.197201 -6.997990
106.794998 -17.143200 -2.987530
106.837997 -15.460400 -26.025000
109.082001 -14.248900 -2.237660
106.521004 -10.401900 -25.944000
107.273003 -5.228700 -25.584999
107.722000 -5.475040 2.963330
108.367996 0.765043 -25.168501
106.931000 5.062520 2.876170
109.181000 6.242790 -24.825199
106.763000 13.880900 -1.044490
106.872002 16.176100 -25.450199
107.272003 19.590700 -25.410400
106.841003 21.970699 -8.192570
108.314003 24.891800 -15.586800
107.453003 27.445601 -25.077700
109.032997 26.390699 -20.224100
110.211998 -25.510500 -24.068001
110.952003 -24.706699 -24.631599
110.844002 -22.628700 -15.757800
111.129997 -20.167200 -24.493900
109.406998 -21.625900 -10.487700
109.823997 -17.555599 -5.458780
110.636002 -12.911900 -24.641899
110.188004 -10.095100 -0.764550
111.000000 -5.034290 0.390279
110.067001 1.982840 1.054820
111.178001 6.832300 -1.143010
111.206001 11.023300 -2.910630
111.505997 11.305100 -23.943501
110.402000 14.601600 -24.333300
110.144997 16.153700 -5.347590
111.974998 18.004601 -23.615900
111.257004 18.912100 -9.573360
111.026001 21.704100 -13.332200
109.981003 23.075001 -24.334101
110.653999 26.389900 -23.306601
112.692001 -24.072901 -23.291401
113.455002 -22.931900 -20.827400
114.639000 -20.230101 -17.468599
112.132004 -20.820400 -14.192200
112.556999 -16.975500 -8.215690
112.546997 -16.587900 -23.880100
114.744003 -16.370800 -11.388000
113.176003 -13.530200 -5.664850
112.250999 -9.807980 -23.882200
114.348999 -8.440410 -4.144030
112.111000 -5.467450 -23.883600
114.652000 -3.976080 -3.293770
113.755997 -0.454833 -23.226200
114.623001 -0.165721 -3.090740
112.549004 3.742680 -23.543301
114.556999 4.143900 -3.889070
113.080002 6.371700 -23.391600
112.985001 8.939660 -23.340900
113.955002 8.611310 -4.727700
114.593002 14.266100 -22.682699
113.299004 14.625400 -7.731520
112.982002 24.518299 -23.086399
114.692001 23.029100 -21.925100
112.537003 23.825701 -19.432800
115.441002 -20.890200 -22.812300
117.309998 -19.438101 -21.538000
116.850998 -17.283400 -16.789101
115.904999 -13.046300 -22.612400
115.098000 -13.220800 -8.314610
117.361000 -10.483000 -21.986300
115.749001 -10.334900 -6.994280
117.199997 -7.487500 -22.062300
116.801003 -7.304640 -7.118530
116.705002 -3.011190 -22.232599
117.592003 -2.013440 -7.016750
117.089996 4.596980 -22.009701
117.218002 7.636620 -8.630460
117.341003 10.411800 -21.819901
116.946999 10.593900 -9.981790
116.028999 15.031500 -12.091300
115.793999 17.072201 -22.287500
117.361000 18.211201 -17.751801
115.144997 17.820200 -13.749000
115.946999 20.986500 -22.024700
115.144997 20.206499 -17.138100
118.997002 -16.824400 -20.773500
118.738998 -16.324800 -21.492599
119.759003 -14.543200 -18.489901
117.985001 -13.595500 -14.431000
119.486000 -9.428020 -13.196800
119.575996 -5.394000 -10.893000
119.120003 -0.032515 -21.243999
118.498001 1.998580 -8.419100
120.002998 4.809840 -11.514500
118.692001 8.100170 -21.332701
119.667000 10.023900 -13.582700
120.223999 13.714100 -20.666000
119.308998 14.985800 -17.063299
118.651001 17.451401 -21.141701
121.769997 -11.460700 -20.087700
121.796997 -8.512840 -20.410700
121.707001 -9.933100 -17.610500
123.093002 -6.395670 -19.697300
122.621002 -5.716280 -16.584600
122.830002 -3.152710 -19.898800
123.199997 1.382220 -19.691700
122.619003 1.634630 -15.663400
120.991997 -1.337530 -12.574800
120.792000 3.480640 -20.610500
121.793999 7.307510 -20.113701
122.050003 7.766560 -16.451599
122.181999 11.127100 -19.590599
121.483002 11.797000 -20.097401
120.776001 14.371400 -19.868900
123.649002 -4.243090 -18.628099
123.955002 1.577950 -18.737200
123.473000 5.583860 -18.674299
123.273003 5.643030 -19.382500
